	mutations	T308	R255	D246	E243	Y233	N302	N260	Q253	I307	R261	A311	P304	P258	K299	F229	P335	K230	K267	Q268	T305	E328	I264	G300	R295	K292	Q228	D247	Q231	D236	M274	C327	S250	S306	n_mutations	avg_dG
0	Q228A Q228C Q228D Q228E Q228G Q228N Q228P Q228S Q228T	-3.5096546184827875	-3.578751708512635	-3.2538844995342395	-3.266600940870023		-2.4486138200524974		-3.1950183353273465	-2.8235379608294213		-2.204193758067495	-2.4680971813531736	-3.1043236781580936	-2.340163176225009		-2.642481681159881		-2.1479001369696227	-2.604197032046904	-2.559122410881352	-2.630076569736204	-2.71950535573977	-2.2432415369347245	-2.2265230174701856	-2.0474054775905457		-3.4855212428195435		-3.296143031843877	-2.52835758663379	-2.4962812290048886	-3.461641432973746	-2.7076175675603027	26	-1.7032909254362252
1	F229A F229C F229D F229E F229G F229H F229I F229K F229L F229M F229N F229P F229Q F229R F229S F229T F229V	-2.082728106522023	-2.132723334033435	-2.1080134836995947	-2.104004975200486										-2.242330284794316		-2.069134222237992				-2.0353150228748333			-2.0380936406184307	-2.0010113893316848			-2.187751583811456		-2.234394624559449			-2.247029445048546		12	-1.0371177009794035
2	L235A L235C L235D L235E L235G L235H L235N L235P L235Q L235S L235T L235V		-2.1800553621555907																																1	-0.5900276810777954
3	D236A D236G D236S	-2.1177659130453663	-2.306106944392538					-2.076395117559677	-2.101708673467968																		-2.290885573011183						-2.118230372116566		6	-1.001584656227614
4	P239A P239G P239S																										-2.081591102043096								1	-0.5407955510215481
5	K240A K240C K240D K240E K240G K240H K240M K240N K240P K240Q K240S K240T K240V	-2.2780817161584137																										2.2975471640478493							2	0.6731551492964786
6	F244A F244C F244D F244E F244G F244H F244I F244K F244L F244M F244N F244P F244Q F244R F244S F244T F244V																																2.576558096582865		1	1.7882790482914326
7	R255A R255C R255D R255E R255G R255H R255I R255L R255M R255N R255P R255Q R255S R255T R255V	-2.8361403084801498				-2.3435578271190605	-2.635311933233344			-2.5587733714942456	-2.3113218268988183		-2.4152981047668067		-2.341079863773861	-2.341379218212114	-2.5278140239988693	-2.779474831039647	-2.302230029382499	-2.442360782696149	-2.2828578038097564		-2.2866733891719213	-2.0846269886847097	-2.1763137141229865	-2.3337348047008644	-2.984928267668531		-2.464358761830564	-2.405777832462812	-2.0874188211055458	-2.3348617792368587		-2.295989585859973	23	-1.35717849457292
8	V259A V259C V259D V259G V259N V259P V259S V259T	-2.6708862337477464		2.3690377203791826						-2.0312503233273254																									3	0.16672529082602772
9	R261A R261C R261D R261E R261G R261H R261I R261L R261M R261N R261P R261Q R261S R261T R261V	-2.8633967231619635	-2.4552490418713795	-2.0011541186428565	-2.1926333250830843	-2.297791149189189	-2.2621663264846013		-2.1408377464218864	-2.5182848222282583			-2.2858762232880623		-2.2198952205709657			-2.58989907017981			-2.315736033075122	-2.0516236416305373		-2.203314548302135	-2.117431363775991			-2.089936007909772	-2.240862023494088	-2.1702876724028166	-2.015422388127692		-2.1897934706797284	-2.4569423552142893	21	-1.2126606032606466
10	I262A I262C I262D I262E I262G I262H I262N I262P I262Q I262S I262T I262V	-2.0866673255895454															-2.1468762586015737			2.0363038830229865															3	0.20069007470796685
11	P263A P263G P263S		-2.572107154584989						-2.1150213485669287													-2.162250745290341				-2.044959077598537						-2.016776639799958	-2.0706249087983246		6	-0.9973914106627255
12	M265A M265C M265D M265E M265G M265H M265N M265P M265Q M265S M265T M265V		-2.1635405497985047																								-2.3955137414243586								2	-0.8530180970742878
13	Q268A Q268C Q268D Q268E Q268G Q268N Q268P Q268S Q268T	-2.7528891428864086	-2.266558719999173						-2.0512094116261763	-2.3194072319500005		-2.436679512260493	-2.4335572779170254	-2.0915643044432155	-2.7697829797662146		-2.080787307977822				-2.591907227050198	-2.610994931061473		-2.4843284227887152	-2.7845075627896265		-2.2361720429048515					-2.490640050877325		-2.325162586561897	16	-1.3368322772270949
14	L270A L270C L270D L270E L270G L270H L270N L270P L270Q L270S L270T L270V	-2.2791554790220534								-2.158068870562877			-2.190165907636669								-2.129844435944452													-2.196292979387788	5	-0.9922546120923066
15	D271A D271G D271S	-2.289332739012137																																	1	-0.6446663695060686
16	F273A F273C F273D F273E F273G F273H F273I F273K F273L F273M F273N F273P F273Q F273R F273S F273T F273V	-2.603122866554887						-2.227235610158829		-2.0929332399177	-2.232586773991064					-2.1589528726053056	-2.0141827710115234	-2.1036679752247687			-2.0818453839104683						-2.949814032588965					-2.1269538448442			10	-1.1446632155279737
17	M274A M274C M274D M274E M274G M274H M274N M274P M274Q M274S M274T M274V	-2.03581457079109																																	1	-0.5179072853955451
18	L275A L275C L275D L275E L275G L275H L275N L275P L275Q L275S L275T L275V	-2.2721394129107693																																	1	-0.6360697064553846
19	Y276A Y276C Y276D Y276E Y276G Y276H Y276I Y276K Y276L Y276M Y276N Y276P Y276Q Y276R Y276S Y276T Y276V	-2.4089477352288955								-2.0854842634791417																	-2.1760835507807927								3	-0.9176288873722076
20	E281A E281C E281D E281G E281N E281P E281S E281T	-2.0248479722860933																																	1	-0.5124239861430466
21	K282A K282C K282D K282E K282G K282H K282M K282N K282P K282Q K282S K282T K282V	-2.072348855323607								-2.070019844947329			-2.0048879517321017														-2.3002119263208023							-2.1242303247313647	5	-0.9286164838425339
22	L285A L285C L285D L285E L285G L285H L285N L285P L285Q L285S L285T L285V	-2.061736665442752								-2.037621227154049			-2.0360205595573704														-2.1868755527362227							-2.038620662158615	5	-0.8934791111748351
23	N290A N290C N290G N290S	-2.346123084084205																																-2.0427908915105624	2	-0.796304658531589
24	K291A K291C K291D K291E K291G K291H K291M K291N K291P K291Q K291S K291T K291V	-2.155351830623319																																	1	-0.5776759153116595
25	K292A K292C K292D K292E K292G K292H K292M K292N K292P K292Q K292S K292T K292V																										-2.340285613030984								1	-0.670142806515492
26	L293A L293C L293D L293E L293G L293H L293N L293P L293Q L293S L293T L293V	-2.373352821929584								-2.011591310794175					2.1859548076151287																				3	0.20025266872284242
27	T305A T305C T305G T305S																										-2.118423859453847								1	-0.5592119297269236
28	S306G																										-2.354336252921566								1	-0.677168126460783
29	I307A I307C I307D I307E I307G I307H I307N I307P I307Q I307S I307T I307V		-2.0904937436097444																					-2.039999630409276											2	-0.7101644580063399
30	T308A T308C T308G T308S																										-2.095926303066141								1	-0.5479631515330705
31	S309G																										-2.123686148602302								1	-0.5618430743011511
32	A310G														2.060562467463195																				1	1.5302812337315974
33	F312A F312C F312D F312E F312G F312H F312I F312K F312L F312M F312N F312P F312Q F312R F312S F312T F312V																										-2.1050542187628363								1	-0.5525271093814181
34	T313A T313C T313G T313S																						2.4695170212639												1	1.73475851063195
35	R315A R315C R315D R315E R315G R315H R315I R315L R315M R315N R315P R315Q R315S R315T R315V	-2.0000402255651064																									-2.041033017180875								2	-0.6803577475819939
36	T316A T316C T316G T316S	-2.358517223383888																																	1	-0.6792586116919439
37	Y318A Y318C Y318D Y318E Y318G Y318H Y318I Y318K Y318L Y318M Y318N Y318P Y318Q Y318R Y318S Y318T Y318V	-2.1037559479095007					-2.0605252677979						-2.107100096546725								-2.2637466653787155						-2.078267931718613							-2.0500814757581804	6	-0.9519253407299476
38	K320A K320C K320D K320E K320G K320H K320M K320N K320P K320Q K320S K320T K320V	-2.282674723222239																																	1	-0.6413373616111195
39	Y321A Y321C Y321D Y321E Y321G Y321H Y321I Y321K Y321L Y321M Y321N Y321P Y321Q Y321R Y321S Y321T Y321V	-2.67092734294552								-2.239401109875501			-2.2803823674715624		-2.1813521389860844	-2.0217895914165878	-2.063691775228792	-2.0739704822130505			-2.528512645493153				-2.210686812247208		-2.554939793995507			-2.039756108720692				-2.4410737193470937	12	-1.1774218375339045
40	L322A L322C L322D L322E L322G L322H L322N L322P L322Q L322S L322T L322V																										-2.0937476465489606								1	-0.5468738232744803
41	P324A P324G P324S	-3.070319229859793								-2.455729090332555			-2.2139674172125474		-2.0549775132222745						-2.2529923050681413				-2.000194747603807									-2.316885286371378	7	-1.170633198708812
42	Y325A Y325C Y325D Y325E Y325G Y325H Y325I Y325K Y325L Y325M Y325N Y325P Y325Q Y325R Y325S Y325T Y325V	-2.217115214022615																																	1	-0.6085576070113075
43	K329A K329C K329D K329E K329G K329H K329M K329N K329P K329Q K329S K329T K329V	-2.373977335695197								-2.101482747341166																									2	-0.8251533610121212
44	R330A R330C R330D R330E R330G R330H R330I R330L R330M R330N R330P R330Q R330S R330T R330V	-2.1162427156176538																																	1	-0.5581213578088269
45	L332A L332C L332D L332E L332G L332H L332N L332P L332Q L332S L332T L332V	-2.258749043892956								-2.095516549866071																	-2.0144670908820963								3	-0.8421831711602807
46	S333G	-2.44399078332462								-2.158058995812849																	-2.0311244368268504							-2.077172887747946	4	-0.9420694207424531
47	N334A N334C N334G N334S	-2.3909607689016577								-2.0053578108682246					-2.112492190437426						-2.045830149667529						-2.228068601911574								5	-0.963784920297735
48	P335A P335G P335S	-2.341607221910872						-2.038513123135437			-2.0899938651572594		-2.0847361900590475		-2.251480846572262						-2.369775696959216				-2.49327285871726		-2.633121312954273							-2.282418529569594	9	-1.158491964503522
49	S344G																									2.2431205822293343									1	1.6215602911146672
50	N345A N345C N345G N345S											2.329421228645163																							1	1.6647106143225816
51	R346A R346C R346D R346E R346G R346H R346I R346L R346M R346N R346P R346Q R346S R346T R346V					-2.080497500901921		-2.026104053709929			-2.0582440777367386					-2.260707531820532		-2.325623322828926									-3.139885223755653								6	-1.1272945301076713
52	R347A R347C R347D R347E R347G R347H R347I R347L R347M R347N R347P R347Q R347S R347T R347V	-2.668886825103136	-2.484392667730314		-2.00033397484301	-2.120528615781376		-2.31226494106491	-2.284112639291553	-2.0501328508488275				-2.3760429338200018		-2.116509635808273		-2.4324905236177368									-3.1323274452435794	-2.0024885779558144					-2.0880963331950664		13	-1.2191862831645428
53	E348A E348C E348D E348G E348N E348P E348S E348T		-2.0466255431987244															-2.092576056634271								2.576557131642005	-2.560732870027513								4	-0.024675467643700523
54	R350A R350C R350D R350E R350G R350H R350I R350L R350M R350N R350P R350Q R350S R350T R350V			-2.2103853541375877	-2.1965790520842425	-2.4086046684930773										-2.4075401238202674		-2.756722424516246									-2.8642388339473763		-2.124661692347588	-2.312436547107617					8	-1.2534631884948892
55	R351A R351C R351D R351E R351G R351H R351I R351L R351M R351N R351P R351Q R351S R351T R351V	-2.2046643605792164																									-2.2089235825404967								2	-0.8045293143732378
