	mutations	Q228	F229	K230	Q231	Y233	E234	D236	G237	D238	P239	K240	K242	E243	D246	D247	S250	Q253	K254	R255	G256	T257	P258	N260	R261	I264	A266	K267	Q268	M274	V277	E281	K282	G283	E287	N290	K291	K292	R295	E296	K299	G300	N302	P304	T305	S306	I307	T308	S309	A311	F312	T313	T316	Q317	M319	K320	C327	E328	K329	R330	G331	L332	N334	P335	N336	E337	Q339	A340	D343	S344	R346	E348	G349	R351	n_mutations	avg_dG
0	Q228A Q228C Q228D Q228E Q228G Q228N Q228P Q228S Q228T						-3.2588510484051727	-3.296143031843877	-2.968441273006928	-3.4055017338612728	-3.31019291065904	-3.278408160220504	-3.1970425199058066	-3.266600940870023	-3.2538844995342395	-3.4855212428195435	-3.461641432973746	-3.1950183353273465	-3.349255028897641	-3.578751708512635	-2.8701544092840754	-3.1600446787814978	-3.1043236781580936			-2.71950535573977	-2.459237689182201	-2.1479001369696227	-2.604197032046904	-2.52835758663379	-2.2878437330326045				-2.099277365306317	-2.1560343453492		-2.0474054775905457	-2.2265230174701856	-2.142994388386413	-2.340163176225009	-2.2432415369347245	-2.4486138200524974	-2.4680971813531736	-2.559122410881352	-2.7076175675603027	-2.8235379608294213	-3.5096546184827875	-2.597247380660305	-2.204193758067495	-2.157364896582826	-2.531017611107833	-2.246333247106911	-2.606072976734513	-2.11878113221861	-2.4504661298143944	-2.4962812290048886	-2.630076569736204	-2.8344853837752426	-2.353869108819921	-2.3499953191407768	-2.307487630016958	-2.518317685977129	-2.642481681159881	-2.417056651189791	-2.2450777214234385	-2.22949158730692		-2.063985679381733	-2.0892417273351054					57	-2.66751624806402
1	F229A F229C F229D F229E F229G F229H F229I F229K F229L F229M F229N F229P F229Q F229R F229S F229T F229V							-2.234394624559449		-2.1203471953294675	-2.036014334335325	-2.080982429090306	-2.051737710511269	-2.104004975200486	-2.1080134836995947	-2.187751583811456	-2.247029445048546		-2.327794101893021	-2.132723334033435																			-2.0010113893316848	-2.0170022957798106	-2.242330284794316	-2.0380936406184307			-2.0353150228748333			-2.082728106522023			-2.003231974071083													-2.069134222237992						-2.13590742698214		-2.0790428591777546			21	-2.111170973328687
2	L235A L235C L235D L235E L235G L235H L235N L235P L235Q L235S L235T L235V																		-2.2362176935193427	-2.1800553621555907	-2.233269264543749																																																						3	-2.216514106739561
3	D236A D236G D236S	-2.290885573011183									2.371809928887833						-2.118230372116566	-2.101708673467968	-2.5276858827977846	-2.306106944392538				-2.076395117559677																								-2.1177659130453663																											8	-1.645871068437906
4	P239A P239G P239S	-2.081591102043096																																																																									1	-2.081591102043096
5	K240A K240C K240D K240E K240G K240H K240M K240N K240P K240Q K240S K240T K240V								2.607057785914317							2.2975471640478493																																-2.2780817161584137																											3	0.8755077446012508
6	F244A F244C F244D F244E F244G F244H F244I F244K F244L F244M F244N F244P F244Q F244R F244S F244T F244V																2.576558096582865														2.1927549939827538																																												2	2.3846565452828097
7	D247A D247G D247S																		2.041090612136927																																																								1	2.041090612136927
8	S250G																				2.804652137474524																																																						1	2.804652137474524
9	F251A F251C F251D F251E F251G F251H F251I F251K F251L F251M F251N F251P F251Q F251R F251S F251T F251V																				3.2568553954767143	2.00732320526817																																																					2	2.632089300372442
10	R255A R255C R255D R255E R255G R255H R255I R255L R255M R255N R255P R255Q R255S R255T R255V	-2.984928267668531	-2.341379218212114	-2.779474831039647	-2.464358761830564	-2.3435578271190605	-2.3988468596378576	-2.405777832462812	-2.000358417861479	-2.366319249919624	-2.380479984015772	-2.2325015269183504	-2.1636074841790216												-2.3113218268988183	-2.2866733891719213	-2.209176150756144	-2.302230029382499	-2.442360782696149	-2.0874188211055458					-2.334266391495392	-2.551360373149074	-2.147902912426353	-2.3337348047008644	-2.1763137141229865	-2.343952587407035	-2.341079863773861	-2.0846269886847097	-2.635311933233344	-2.4152981047668067	-2.2828578038097564	-2.295989585859973	-2.5587733714942456	-2.8361403084801498	-2.259305619221054		-2.19855486028537	-2.3133423489262714	-2.135593502633773	-2.105613109985868	-2.0727038426017224		-2.3348617792368587		-2.3782470000011857		-2.0704504722577983	-2.2002748593024704	-2.521838763543365	-2.5278140239988693	-2.319315535249661	-2.290911099912661	-2.4322222262693662	-2.260080119376405	-2.5223231025844366	-2.3656249121913744	-2.090130526983471				51	-2.337991915859656
11	T257A T257C T257G T257S																2.1402538375944173		2.3673984762248086																																																								2	2.253826156909613
12	V259A V259C V259D V259G V259N V259P V259S V259T														2.3690377203791826		2.9281761546213656	2.829899204754976			3.5504677905110933																										-2.0312503233273254	-2.6708862337477464						2.160559906464657		2.906294168117377																			8	1.5052872984716974
13	R261A R261C R261D R261E R261G R261H R261I R261L R261M R261N R261P R261Q R261S R261T R261V			-2.58989907017981	-2.240862023494088	-2.297791149189189	-2.1901933980152912	-2.1702876724028166		-2.093582158650092	-2.119128363977342	-2.171859155358124	-2.0229263332353797	-2.1926333250830843	-2.0011541186428565	-2.089936007909772	-2.1897934706797284	-2.1408377464218864	-2.4717451248453446	-2.4552490418713795		-2.1591989392932285				2.4083008057461783	-2.041828438060682			-2.015422388127692									-2.117431363775991	-2.208332647598356	-2.2198952205709657	-2.203314548302135	-2.2621663264846013	-2.2858762232880623	-2.315736033075122	-2.4569423552142893	-2.5182848222282583	-2.8633967231619635	-2.2231214038136424			-2.1316442561745155						-2.0516236416305373	-2.437893304562212																34	-2.104167234987419
14	I262A I262C I262D I262E I262G I262H I262N I262P I262Q I262S I262T I262V																												2.0363038830229865																			-2.0866673255895454						2.2266361038042253		2.2876341801401123								-2.1468762586015737	-2.028931118803311										6	0.0480165773288157
15	P263A P263G P263S									-2.1597751326503394	-2.040326071087215						-2.0706249087983246	-2.1150213485669287	-2.3190632510592275	-2.572107154584989	-2.056792145933187	-2.13183490988421						2.1742177724540923										-2.044959077598537																			-2.016776639799958	-2.162250745290341	-2.4760660152595992	-2.2225247447952383									-2.0512609554634285	-2.183382971977442					16	-1.9030342687684296
16	M265A M265C M265D M265E M265G M265H M265N M265P M265Q M265S M265T M265V	-2.3955137414243586																	-2.127637263006952	-2.1635405497985047																								2.067531301358506					2.23330140367057																										5	-0.477171769840148
17	Q268A Q268C Q268D Q268E Q268G Q268N Q268P Q268S Q268T	-2.2361720429048515																-2.0512094116261763	-2.08433854816569	-2.266558719999173	-2.1540396875150343	-2.202269233302468	-2.0915643044432155												-2.007715098387446	-2.0298048246802995			-2.7845075627896265	-2.6432937148769127	-2.7697829797662146	-2.4843284227887152		-2.4335572779170254	-2.591907227050198	-2.325162586561897	-2.3194072319500005	-2.7528891428864086	-2.3464658697215346	-2.436679512260493	-2.4062492977972405	-2.021169249956701			-2.002084972328268		-2.490640050877325	-2.610994931061473	-3.097616296032393	-2.6601572007441017	-2.534859113612605	-2.3992329832269395	-2.0417988419452744	-2.080787307977822											31	-2.3663626982307586
18	L270A L270C L270D L270E L270G L270H L270N L270P L270Q L270S L270T L270V																											2.23485628539547																-2.190165907636669	-2.129844435944452	-2.196292979387788	-2.158068870562877	-2.2791554790220534																											6	-1.4531118978597284
19	D271A D271G D271S																																															-2.289332739012137																											1	-2.289332739012137
20	F273A F273C F273D F273E F273G F273H F273I F273K F273L F273M F273N F273P F273Q F273R F273S F273T F273V	-2.949814032588965	-2.1589528726053056	-2.1036679752247687																				-2.227235610158829	-2.232586773991064															-2.0081870803538813					-2.0818453839104683		-2.0929332399177	-2.603122866554887			-2.078408013963624						-2.1269538448442		-2.4230899821970144	-2.3176680609946207				-2.0141827710115234											14	-2.244189179165489
21	M274A M274C M274D M274E M274G M274H M274N M274P M274Q M274S M274T M274V																																															-2.03581457079109																											1	-2.03581457079109
22	L275A L275C L275D L275E L275G L275H L275N L275P L275Q L275S L275T L275V																																															-2.2721394129107693																											1	-2.2721394129107693
23	Y276A Y276C Y276D Y276E Y276G Y276H Y276I Y276K Y276L Y276M Y276N Y276P Y276Q Y276R Y276S Y276T Y276V	-2.1760835507807927																																													-2.0854842634791417	-2.4089477352288955																											3	-2.2235051831629433
24	E281A E281C E281D E281G E281N E281P E281S E281T																																															-2.0248479722860933																											1	-2.0248479722860933
25	K282A K282C K282D K282E K282G K282H K282M K282N K282P K282Q K282S K282T K282V	-2.3002119263208023																																										-2.0048879517321017		-2.1242303247313647	-2.070019844947329	-2.072348855323607	-2.129460076856824			-2.0131159573187025																							7	-2.1020392767472473
26	L285A L285C L285D L285E L285G L285H L285N L285P L285Q L285S L285T L285V	-2.1868755527362227																																										-2.0360205595573704		-2.038620662158615	-2.037621227154049	-2.061736665442752																											5	-2.072174933409802
27	E287A E287C E287D E287G E287N E287P E287S E287T																															2.6780609413383525																																											1	2.6780609413383525
28	V288A V288C V288D V288G V288N V288P V288S V288T																															2.05354948669723																																											1	2.05354948669723
29	I289A I289C I289D I289E I289G I289H I289N I289P I289Q I289S I289T I289V																																	2.021407869198495																																									1	2.021407869198495
30	N290A N290C N290G N290S																																													-2.0427908915105624		-2.346123084084205																											2	-2.1944569877973836
31	K291A K291C K291D K291E K291G K291H K291M K291N K291P K291Q K291S K291T K291V																																	2.247145672514198														-2.155351830623319																											2	0.0458969209454394
32	K292A K292C K292D K292E K292G K292H K292M K292N K292P K292Q K292S K292T K292V	-2.340285613030984																																																																									1	-2.340285613030984
33	L293A L293C L293D L293E L293G L293H L293N L293P L293Q L293S L293T L293V																																								2.1859548076151287						-2.011591310794175	-2.373352821929584																											3	-0.7329964417028768
34	W294A W294C W294D W294E W294F W294G W294H W294I W294K W294L W294M W294N W294P W294Q W294R W294S W294T W294V W294Y																																2.168858201721633									2.3452308794223797							2.266145384751672																										3	2.2600781552985616
35	I297A I297C I297D I297E I297G I297H I297N I297P I297Q I297S I297T I297V																															2.7159920436311187																																											1	2.7159920436311187
36	L303A L303C L303D L303E L303G L303H L303N L303P L303Q L303S L303T L303V																											2.179360835762835																																															1	2.179360835762835
37	T305A T305C T305G T305S	-2.118423859453847																																														2.6523961684578703	2.102352108096894																										3	0.8787748057003056
38	S306G	-2.354336252921566																			-2.024870991686316																												2.080228193396356																										3	-0.7663263504038419
39	I307A I307C I307D I307E I307G I307H I307N I307P I307Q I307S I307T I307V																			-2.0904937436097444																						-2.039999630409276										2.7033389430569152																							3	-0.475718143654035
40	T308A T308C T308G T308S	-2.095926303066141																																																																									1	-2.095926303066141
41	S309G	-2.123686148602302																																																																				-2.009038448488204					2	-2.066362298545253
42	A310G																										2.097708313515746														2.060562467463195					2.5056461912849537																													3	2.2213056574212984
43	A311G																		-2.139840756383869																																																								1	-2.139840756383869
44	F312A F312C F312D F312E F312G F312H F312I F312K F312L F312M F312N F312P F312Q F312R F312S F312T F312V	-2.1050542187628363																																																																									1	-2.1050542187628363
45	T313A T313C T313G T313S																									2.4695170212639																						2.2404549940703355								2.13225813581916																			3	2.2807433837177986
46	R315A R315C R315D R315E R315G R315H R315I R315L R315M R315N R315P R315Q R315S R315T R315V	-2.041033017180875																																														-2.0000402255651064																											2	-2.0205366213729907
47	T316A T316C T316G T316S																																															-2.358517223383888																											1	-2.358517223383888
48	Y318A Y318C Y318D Y318E Y318G Y318H Y318I Y318K Y318L Y318M Y318N Y318P Y318Q Y318R Y318S Y318T Y318V	-2.078267931718613																																									-2.0605252677979	-2.107100096546725	-2.2637466653787155	-2.0500814757581804		-2.1037559479095007																					-2.02648692885086						7	-2.098566330565785
49	K320A K320C K320D K320E K320G K320H K320M K320N K320P K320Q K320S K320T K320V																																															-2.282674723222239																											1	-2.282674723222239
50	Y321A Y321C Y321D Y321E Y321G Y321H Y321I Y321K Y321L Y321M Y321N Y321P Y321Q Y321R Y321S Y321T Y321V	-2.554939793995507	-2.0217895914165878	-2.0739704822130505				-2.039756108720692		-2.121414418093048																										-2.0313413186160743			-2.210686812247208	-2.0468952819649053	-2.1813521389860844			-2.2803823674715624	-2.528512645493153	-2.4410737193470937	-2.239401109875501	-2.67092734294552											-2.2162542690710927					-2.063691775228792			-2.053818227258933		-2.183775737567008	-2.049272554006884					19	-2.211013457606247
51	L322A L322C L322D L322E L322G L322H L322N L322P L322Q L322S L322T L322V	-2.0937476465489606																																																																									1	-2.0937476465489606
52	Y323A Y323C Y323D Y323E Y323G Y323H Y323I Y323K Y323L Y323M Y323N Y323P Y323Q Y323R Y323S Y323T Y323V																																																										2.7364729982897997		2.3453070735458508														2	2.5408900359178253
53	P324A P324G P324S																																						-2.000194747603807		-2.0549775132222745			-2.2139674172125474	-2.2529923050681413	-2.316885286371378	-2.455729090332555	-3.070319229859793	-2.090239334553056																										8	-2.306913115527944
54	Y325A Y325C Y325D Y325E Y325G Y325H Y325I Y325K Y325L Y325M Y325N Y325P Y325Q Y325R Y325S Y325T Y325V																																															-2.217115214022615													2.4335834214615053														2	0.1082341037194452
55	K329A K329C K329D K329E K329G K329H K329M K329N K329P K329Q K329S K329T K329V																																														-2.101482747341166	-2.373977335695197														2.205810820028704													3	-0.7565497543358863
56	R330A R330C R330D R330E R330G R330H R330I R330L R330M R330N R330P R330Q R330S R330T R330V																																	3.305252010685197														-2.1162427156176538															2.294693063572387												3	1.1612341195466434
57	L332A L332C L332D L332E L332G L332H L332N L332P L332Q L332S L332T L332V	-2.0144670908820963																																													-2.095516549866071	-2.258749043892956																											3	-2.1229108948803743
58	S333G	-2.0311244368268504																																												-2.077172887747946	-2.158058995812849	-2.44399078332462							2.11382334621358			2.3034038691322327	2.559917269494564	2.443238366889152					2.574660744937067										9	0.3649662769949256
59	N334A N334C N334G N334S	-2.228068601911574																																							-2.112492190437426				-2.045830149667529		-2.0053578108682246	-2.3909607689016577																											5	-2.156541904357282
60	P335A P335G P335S	-2.633121312954273																						-2.038513123135437	-2.0899938651572594														-2.49327285871726	-2.172071602869874	-2.251480846572262			-2.0847361900590475	-2.369775696959216	-2.282418529569594		-2.341607221910872											-2.1515294774545097																11	-2.2644109750326913
61	L338A L338C L338D L338E L338G L338H L338N L338P L338Q L338S L338T L338V																																		2.2245624771996746																																								1	2.2245624771996746
62	I342A I342C I342D I342E I342G I342H I342N I342P I342Q I342S I342T I342V																																		2.1018783503171834																		2.94144570066356												2.0074881810272616										3	2.350270744002668
63	S344G																																					2.2431205822293343																																			2.2612238024947278		2	2.252172192362031
64	N345A N345C N345G N345S																																				3.301160620900757													2.329421228645163	2.115209249843892																2.0075544701624124								4	2.438336392388056
65	R346A R346C R346D R346E R346G R346H R346I R346L R346M R346N R346P R346Q R346S R346T R346V	-3.139885223755653	-2.260707531820532	-2.325623322828926		-2.080497500901921	-2.1261697244091		-2.382978729559703	-2.044385048444997	-2.1259760067354714													-2.026104053709929	-2.0582440777367386																																											2.068480803167907							11	-1.8638264015213695
66	R347A R347C R347D R347E R347G R347H R347I R347L R347M R347N R347P R347Q R347S R347T R347V	-3.1323274452435794	-2.116509635808273	-2.4324905236177368		-2.120528615781376					-2.08934133628984			-2.00033397484301		-2.0024885779558144	-2.0880963331950664	-2.284112639291553	-2.480341095167905	-2.484392667730314	-2.2665006132262984	-2.3175668446228155	-2.3760429338200018	-2.31226494106491																							-2.0501328508488275	-2.668886825103136	-2.0795038072951346																			2.363060722640451							19	-2.049410575698165
67	E348A E348C E348D E348G E348N E348P E348S E348T	-2.560732870027513		-2.092576056634271															-2.0148450607260826	-2.0466255431987244																																																						2.162888437141499	5	-1.3103782186890185
68	R350A R350C R350D R350E R350G R350H R350I R350L R350M R350N R350P R350Q R350S R350T R350V	-2.8642388339473763	-2.4075401238202674	-2.756722424516246	-2.124661692347588	-2.4086046684930773	-2.361377152761854	-2.312436547107617	-2.5499074159976725	-2.5667877901109004	-2.4768900928368214	-2.2878149934948366	-2.3611279855769607	-2.1965790520842425	-2.2103853541375877																																																							-2.074589549615528					15	-2.3973109117899054
69	R351A R351C R351D R351E R351G R351H R351I R351L R351M R351N R351P R351Q R351S R351T R351V	-2.2089235825404967																																														-2.2046643605792164																											2	-2.206793971559857
