	mutations	R255	Q253	P258	K230	N260	I307	T308	R261	Q231	Q228	F229	P335	n_mutations	avg_dG
0	F229W	-2.339897410381554												1	-0.6699487051907771
1	D236E D236F D236H D236I D236K D236L D236M D236Q D236R D236V D236W D236Y							2.264072249293417						1	1.6320361246467086
2	K240F K240W K240Y						2.0444425047738872	3.0308234486871704						2	2.3584219844870193
3	R241F R241W R241Y							2.5405287483977497						1	1.7702643741988748
4	K242F K242W K242Y							2.3561660733033736						1	1.6780830366516868
5	E243F E243H E243I E243K E243L E243M E243Q E243R E243W E243Y							2.647885372684405						1	1.8239426863422026
6	L245F L245R L245W L245Y							2.295215479061706						1	1.647607739530853
7	D246E D246F D246H D246I D246K D246L D246M D246Q D246R D246V D246W D246Y							2.5143087854784825						1	1.7571543927392412
8	D247E D247F D247H D247I D247K D247L D247M D247Q D247R D247V D247W D247Y							2.7298375893654883						1	1.8649187946827441
9	L248F L248R L248W L248Y							2.17421495734072						1	1.58710747867036
10	S250C S250D S250E S250F S250H S250I S250K S250L S250M S250N S250P S250Q S250R S250T S250V S250W S250Y							2.286018543354073						1	1.6430092716770366
11	M252F M252K M252R M252W M252Y							2.121451295083374						1	1.560725647541687
12	R255F R255W R255Y							2.06789402234567						1	1.533947011172835
13	G256A G256C G256D G256E G256F G256H G256I G256K G256L G256M G256N G256P G256Q G256R G256S G256T G256V G256W G256Y							2.211690636431248						1	1.605845318215624
14	T257E T257F T257H T257I T257K T257L T257M T257Q T257R T257V T257W T257Y							2.234998481412865						1	1.6174992407064326
15	P258E P258F P258H P258I P258K P258L P258M P258Q P258R P258V P258W P258Y							2.0992158211567653						1	1.5496079105783827
16	I262F I262R I262W I262Y							-2.107450549233305						1	-0.5537252746166526
17	M265F M265K M265R M265W M265Y										-2.5508513864531728			1	-0.7754256932265864
18	K292F K292W K292Y					2.0442887801991203								1	1.5221443900995602
19	T308E T308F T308H T308I T308K T308L T308M T308Q T308R T308V T308W T308Y					2.4139125694587507								1	1.7069562847293753
20	K320F K320W K320Y							2.0623714754313007						1	1.5311857377156504
21	Y323W							2.24197795343454						1	1.62098897671727
22	P324E P324F P324H P324I P324K P324L P324M P324Q P324R P324V P324W P324Y							2.302795738831552						1	1.651397869415776
23	Y325W							2.4396672524691145						1	1.7198336262345573
24	Q339F Q339H Q339I Q339K Q339L Q339M Q339R Q339W Q339Y										2.0023075541575697			1	1.5011537770787848
25	D343E D343F D343H D343I D343K D343L D343M D343Q D343R D343V D343W D343Y					2.6189455831910995					2.0835572643257336			2	2.234167615838944
26	S344C S344D S344E S344F S344H S344I S344K S344L S344M S344N S344P S344Q S344R S344T S344V S344W S344Y					2.0038534554502974								1	1.5019267277251487
27	N345E N345F N345H N345I N345K N345L N345M N345Q N345R N345V N345W N345Y					2.221219260038731								1	1.6106096300193655
28	R346F R346W R346Y	2.170275677172057	2.042399446161792	2.0767274551503565		2.731705812207132							-2.761043736876581	5	1.8766774423024593
29	R347F R347W R347Y					2.222504911554501								1	1.6112524557772505
30	E348F E348H E348I E348K E348L E348M E348Q E348R E348W E348Y					2.0508563601224634								1	1.5254281800612317
31	G349A G349C G349D G349E G349F G349H G349I G349K G349L G349M G349N G349P G349Q G349R G349S G349T G349V G349W G349Y					2.1658899418531417			2.0628462673951224		2.137365931122164			3	2.3415255350926074
32	R350F R350W R350Y				2.004123292013688	3.308993373059936			2.360375444558156		3.1446584881152053	2.211761722185927		5	3.0049853866554854
33	R351F R351W R351Y			2.019013885538232	2.2354037582308237	3.672981053963652		2.088484023575389	2.461351869576245	2.0093289957267424	3.617252227990279	2.315814605810783		8	3.157736713379127
