	mutations	A84	S88	K30	T27	D55	N24	I44	D22	S29	T25	D50	I12	E38	D26	K16	K23	P51	K80	V56	D59	P48	K67	Y85	H60	D49	K68	n_mutations	avg_dG
0	M1A M1C M1D M1E M1G M1H M1N M1P M1Q M1S M1T M1V							-2.4538920017623744				-2.3399751449045505	-2.759889815510378	-2.2991783601828257		-2.175634011636586	-2.112794393562028	-2.181728940303086				-2.550414999007212				-2.673550693428804		9	-1.2547058360297847
1	F9A F9C F9D F9E F9G F9H F9I F9K F9L F9M F9N F9P F9Q F9R F9S F9T F9V						-2.046909656621733		-2.097205244145237								-2.315742360951184											3	-0.8649643154295386
2	L14A L14C L14D L14E L14G L14H L14N L14P L14Q L14S L14T L14V												2.02307825113023			2.254775608996385												2	2.0926179533755382
3	F15A F15C F15D F15E F15G F15H F15I F15K F15L F15M F15N F15P F15Q F15R F15S F15T F15V										2.7953032078084243																	1	1.8976516039042122
4	Q17A Q17C Q17D Q17E Q17G Q17N Q17P Q17S Q17T								2.387291216513433		2.244679381515405																	2	2.2106568660096126
5	K20A K20C K20D K20E K20G K20H K20M K20N K20P K20Q K20S K20T K20V						2.023314346647419		2.1262092487121507								2.337040253489559											3	2.371640962212282
6	K21A K21C K21D K21E K21G K21H K21M K21N K21P K21Q K21S K21T K21V		-2.11365482039747																					-2.101704698384355				2	-0.738453172927275
7	D22A D22G D22S										2.377763013693451				2.048333122157985											-2.0095981417807547		3	1.3541244985176704
8	K23A K23C K23D K23E K23G K23H K23M K23N K23P K23Q K23S K23T K23V													-2.0425058417764363											-2.009515351991243	-2.1199425589561662		3	-0.7929909381809614
9	E40A E40C E40D E40G E40N E40P E40S E40T																								-2.4987788927721604			1	-0.7493894463860802
10	M53A M53C M53D M53E M53G M53H M53N M53P M53Q M53S M53T M53V			2.2306353490727884		2.2140592562167782															2.459913632394214							3	2.4761520594209454
11	F57A F57C F57D F57E F57G F57H F57I F57K F57L F57M F57N F57P F57Q F57R F57S F57T F57V			2.123164258185924		2.2075642270974187															2.279115609088227		2.251423538100736				2.0532094068110887	5	2.6524128398805655
12	D59A D59G D59S																						2.1577989298947924					1	1.5788994649473962
13	L61A L61C L61D L61E L61G L61H L61N L61P L61Q L61S L61T L61V																				2.1270001795616054		2.0229058286105586					2	2.0499686693907213
14	D62A D62G D62S			2.0351495919341605	2.090264138821088	2.2480791897937755				2.0290060791651827										2.518333878376755	2.509650235863769							6	2.7757833019935325
15	F74A F74C F74D F74E F74G F74H F74I F74K F74L F74M F74N F74P F74Q F74R F74S F74T F74V				2.123466476904606														2.292039576584786								2.3470470956485388	3	2.4406382872844827
16	M77A M77C M77D M77E M77G M77H M77N M77P M77Q M77S M77T M77V	2.946975763930064																							2.252599176704696			2	2.39985831354492
17	F79A F79C F79D F79E F79G F79H F79I F79K F79L F79M F79N F79P F79Q F79R F79S F79T F79V	2.6867542199357377																										1	1.8433771099678689
18	Y86A Y86C Y86D Y86E Y86G Y86H Y86I Y86K Y86L Y86M Y86N Y86P Y86Q Y86R Y86S Y86T Y86V	2.362781256201738																	2.191622584806401									2	2.184801280336046
19	K91A K91C K91D K91E K91G K91H K91M K91N K91P K91Q K91S K91T K91V	2.8010955553104617																										1	1.9005477776552309
