	mutations	S2	T3	L5	E6	N7	I8	F9	A10	I11	I12	N13	L14	K16	Q17	K20	K21	D22	K23	N24	T25	D26	T27	S29	K30	E35	E38	K39	E40	R42	Q43	I44	K46	N47	P48	D49	D50	P51	D55	V56	D59	H60	I63	D64	H65	N66	K67	K68	D70	T72	L75	L76	V78	F79	K80	A82	Q83	A84	Y85	Y86	E87	S88	T89	R90	K91	E92	N93	L94	n_mutations	avg_dG
0	M1A M1C M1D M1E M1G M1H M1N M1P M1Q M1S M1T M1V								-3.2879438155929823	-3.058030040992983	-2.759889815510378	-3.1084865606682053	-2.738121114689324	-2.175634011636586	-2.3539866365439868				-2.112794393562028								-2.2991783601828257	-2.4083525123074185	-2.536724055101608	-2.295477891201526	-2.487032028419478	-2.4538920017623744	-2.804429711645424	-2.830246949765337	-2.550414999007212	-2.673550693428804	-2.3399751449045505	-2.181728940303086													-2.6242473824036137		-2.614324094877916							-2.011829818181033			-2.022122917342009		-2.320047856455115	-2.2104319792724247	-2.045594924687626	-2.265664279686702	28	-1.4334535493149156
1	L5A L5C L5D L5E L5G L5H L5N L5P L5Q L5S L5T L5V		2.209688513789921																																																																		1	1.6048442568949606
2	N7A N7C N7G N7S	2.109322859230216																																																																			1	1.554661429615108
3	I8A I8C I8D I8E I8G I8H I8N I8P I8Q I8S I8T I8V	2.1614794356905267																																																																			1	1.5807397178452633
4	F9A F9C F9D F9E F9G F9H F9I F9K F9L F9M F9N F9P F9Q F9R F9S F9T F9V	2.067502418434734	2.0027650306214784														-2.018940691743348	-2.097205244145237	-2.315742360951184	-2.046909656621733																																																	6	0.2273527850849586
5	I12A I12C I12D I12E I12G I12H I12N I12P I12Q I12S I12T I12V			2.156161631262598	2.1928911004144456	2.014624055183438			2.2280980605544345																																																												4	2.518354969482983
6	L14A L14C L14D L14E L14G L14H L14N L14P L14Q L14S L14T L14V					2.353078198365292	2.000242486543536	2.098294995859478			2.02307825113023			2.254775608996385		2.4229087561095617																																																					6	2.736054042429212
7	F15A F15C F15D F15E F15G F15H F15I F15K F15L F15M F15N F15P F15Q F15R F15S F15T F15V											2.258848185441549			2.4133121422137447	2.957788286119168	2.53219578760784				2.7953032078084243																																																5	2.992907934865121
8	Q17A Q17C Q17D Q17E Q17G Q17N Q17P Q17S Q17T															2.371496377956136		2.387291216513433			2.244679381515405																																																3	2.5008667439962435
9	K20A K20C K20D K20E K20G K20H K20M K20N K20P K20Q K20S K20T K20V																	2.1262092487121507	2.337040253489559	2.023314346647419																																																	3	2.371640962212282
10	K21A K21C K21D K21E K21G K21H K21M K21N K21P K21Q K21S K21T K21V																																																										-2.101704698384355	-2.136791428382063	-2.195547943434906	-2.11365482039747	-2.196918256238748	-2.161517884932193	-2.3219950319448315	-2.320889501794164	-2.311396044639462	-2.603655577350086	10	-1.1330973806816615
11	D22A D22G D22S															2.2653212332625405					2.377763013693451	2.048333122157985											-2.151124038768075	-2.1790806971686165		-2.0095981417807547																																	6	0.9073734987709329
12	K23A K23C K23D K23E K23G K23H K23M K23N K23P K23Q K23S K23T K23V																									-2.1898468439098213	-2.0425058417764363	-2.2042334908861814	-2.2436392237071185		-2.009470867640174		-2.0759320878125136	-2.0832648354375527		-2.1199425589561662						-2.009515351991243		-2.1248694889478177																									10	-1.0093836900968205
13	K39A K39C K39D K39E K39G K39H K39M K39N K39P K39Q K39S K39T K39V																																																											-2.156482481984409	-2.1174691283807103					-2.319177179722874	-2.1304869355330984	-2.1121117953651902	5	-0.9726212534977137
14	E40A E40C E40D E40G E40N E40P E40S E40T																																									-2.4987788927721604	-2.5023785532357623	-2.6571617623714245	-2.467606582329441	-2.170105580951548				-2.1844161263842987		-2.304838480222204														-2.100411229649723			8	-1.2095219119907294
15	L45A L45C L45D L45E L45G L45H L45N L45P L45Q L45S L45T L45V																														2.361841246148898																																						1	1.680920623074449
16	M53A M53C M53D M53E M53G M53H M53N M53P M53Q M53S M53T M53V																								2.2306353490727884														2.2140592562167782		2.459913632394214																												3	2.4761520594209454
17	F57A F57C F57D F57E F57G F57H F57I F57K F57L F57M F57N F57P F57Q F57R F57S F57T F57V																								2.123164258185924														2.2075642270974187		2.279115609088227						2.251423538100736	2.0532094068110887																					5	2.6524128398805655
18	M58A M58C M58D M58E M58G M58H M58N M58P M58Q M58S M58T M58V																																												2.0900378145160445																								1	1.5450189072580223
19	D59A D59G D59S																																											2.1535465901188657		2.341832218619434	2.1577989298947924																						3	2.413294434658273
20	L61A L61C L61D L61E L61G L61H L61N L61P L61Q L61S L61T L61V																																								2.1270001795616054			2.138892127321401	2.320510213006907	2.246964602894701	2.0229058286105586																						5	2.642712158565862
21	D62A D62G D62S																						2.090264138821088	2.0290060791651827	2.0351495919341605														2.2480791897937755	2.518333878376755	2.509650235863769																												6	2.7757833019935325
22	I63A I63C I63D I63E I63G I63H I63N I63P I63Q I63S I63T I63V																																													2.3517792474263195																							1	1.6758896237131597
23	K68A K68C K68D K68E K68G K68H K68M K68N K68P K68Q K68S K68T K68V																																												2.224960708691384																								1	1.612480354345692
24	F74A F74C F74D F74E F74G F74H F74I F74K F74L F74M F74N F74P F74Q F74R F74S F74T F74V																						2.123466476904606																				2.0939256819134986					2.3470470956485388				2.0675953644480427		2.3260558731920016	2.292039576584786														6	2.7500185812416396
25	M77A M77C M77D M77E M77G M77H M77N M77P M77Q M77S M77T M77V																																									2.252599176704696							2.1241365112837505	2.1545796772570096				2.860482501161868		3.303945076524136	2.721469141720901	2.946975763930064											7	3.170523481072803
26	F79A F79C F79D F79E F79G F79H F79I F79K F79L F79M F79N F79P F79Q F79R F79S F79T F79V																																																									2.6867542199357377											1	1.8433771099678689
27	K80A K80C K80D K80E K80G K80H K80M K80N K80P K80Q K80S K80T K80V																																																							2.647982597104901													1	1.8239912985524505
28	A84G																																											-2.115399101763942	-2.026510708788716																								2	-0.713969936850886
29	Y86A Y86C Y86D Y86E Y86G Y86H Y86I Y86K Y86L Y86M Y86N Y86P Y86Q Y86R Y86S Y86T Y86V																																	-2.021529068629985																					2.191622584806401			2.362781256201738									2.588123838350016		4	1.824199722145634
30	E87A E87C E87D E87G E87N E87P E87S E87T																																																							2.233308143744063											2.101405085769344		2	2.1115710765044686
31	S88G																																																																		2.1633502980177064	2.2302861042892257	2	2.1312121341023107
32	T89A T89C T89G T89S																																																																			2.0162977063966587	1	1.5081488531983294
33	K91A K91C K91D K91E K91G K91H K91M K91N K91P K91Q K91S K91T K91V																																																									2.8010955553104617					2.2559381813417514				2.502624053965399		3	2.6399144476544034
34	L94A L94C L94D L94E L94G L94H L94N L94P L94Q L94S L94T L94V		-2.113234907468385																														-2.082817480676141	-2.0454544663559915																																			3	-0.8103767136251294
