	mutations	K68	N24	P51	M53	P48	D49	E38	L81	Y85	D50	D22	I12	A84	K80	H60	K23	S88	K67	n_mutations	avg_dG
0	L14F L14R L14W L14Y																-2.315328593849665			1	-0.6576642969248325
1	F15W												-2.0326643240146813							1	-0.5163321620073407
2	I44F I44R I44W I44Y		2.0966991168879088						-3.202198576641904			2.314455852363199					2.32193114719333			4	1.5061775079605066
3	L45F L45R L45W L45Y								-2.023790081637141			2.0216934679164376					2.182897746896989			3	1.2952002832940712
4	K46F K46W K46Y		2.1787184330421665									2.1335114318060997					2.240717580192318			3	2.388236861260146
5	N47E N47F N47H N47I N47K N47L N47M N47Q N47R N47V N47W N47Y			-2.0125343438612013			-2.438014659537963													2	-0.8168496677997213
6	D49E D49F D49H D49I D49K D49L D49M D49Q D49R D49V D49W D49Y										-2.139744181976491									1	-0.5698720909882455
7	D50E D50F D50H D50I D50K D50L D50M D50Q D50R D50V D50W D50Y					-2.0896416560727604	-2.1790790589471243													2	-0.7562402383399617
8	F57W					-2.114990511113356	-2.0858243799687517									-2.1908625236592765				3	-0.847919353685346
9	H60F H60I H60K H60L H60M H60R H60W H60Y				-2.2093328171452544	-2.13401337347809	-2.3683124442170143													3	-0.9279146587100897
10	L61F L61R L61W L61Y															-2.065280968954002				1	-0.532640484477001
11	M77F M77K M77R M77W M77Y															-2.0027755360975643				1	-0.5013877680487822
12	V78F V78H V78I V78K V78L V78M V78R V78W V78Y							-2.050536644625022												1	-0.525268322312511
13	F79W		2.234000594058821														2.174707925506736			2	2.136236173188519
14	K80F K80W K80Y																2.112649675286537			1	1.5563248376432686
15	L81F L81R L81W L81Y		2.44644648860638									2.3506205154116078		-2.6549581993099656	-2.070797485134889		2.554146502411104	-2.1122728683369805		6	0.9304549933781797
16	A82C A82D A82E A82F A82H A82I A82K A82L A82M A82N A82P A82Q A82R A82T A82V A82W A82Y	2.0406331340187065	2.1586449305733963							-2.214597786913154							2.2151709313025174			4	1.6399702417962931
17	Q83F Q83H Q83I Q83K Q83L Q83M Q83R Q83W Q83Y								-2.0351579758171288											1	-0.5175789879085644
18	A84C A84D A84E A84F A84H A84I A84K A84L A84M A84N A84P A84Q A84R A84T A84V A84W A84Y		2.131780057448008									2.233423890738306					2.365332584034044			3	2.43263413305509
19	Y85W		2.233177135279675									2.2652617777024524					2.556079674901802		2.070407809595175	4	2.624985279495821
20	Y86W		2.245931337930488									2.1994527523230247					2.45021432539448			3	2.473899603911998
21	T89E T89F T89H T89I T89K T89L T89M T89Q T89R T89V T89W T89Y		2.038012855651468														2.351133130849144			2	2.1297153288335373
