	mutations	F57	I44	D50	D26	K30	D49	V56	K80	N24	S29	E38	K16	D59	L81	D22	A84	Y85	I12	P48	K68	T27	T25	D55	H60	K23	S88	P51	K67	n_mutations	avg_dG
0	M1A M1C M1D M1E M1G M1H M1N M1P M1Q M1S M1T M1V		-2.4538920017623744	-2.3399751449045505			-2.673550693428804					-2.2991783601828257	-2.175634011636586						-2.759889815510378	-2.550414999007212						-2.112794393562028		-2.181728940303086		9	-1.2547058360297842
1	F9A F9C F9D F9E F9G F9H F9I F9K F9L F9M F9N F9P F9Q F9R F9S F9T F9V									-2.046909656621733						-2.097205244145237										-2.315742360951184				3	-0.8649643154295386
2	L14A L14C L14D L14E L14G L14H L14N L14P L14Q L14S L14T L14V												2.254775608996385						2.02307825113023											2	2.0926179533755382
3	F15A F15C F15D F15E F15G F15H F15I F15K F15L F15M F15N F15P F15Q F15R F15S F15T F15V				2.366604708738674								2.3840958647363326									2.382476338062263	2.7953032078084243							4	2.7856960238691384
4	Q17A Q17C Q17D Q17E Q17G Q17N Q17P Q17S Q17T												2.1113601281370307			2.387291216513433							2.244679381515405							3	2.4358326815414673
5	K20A K20C K20D K20E K20G K20H K20M K20N K20P K20Q K20S K20T K20V									2.023314346647419						2.1262092487121507										2.337040253489559				3	2.3716409622122825
6	K21A K21C K21D K21E K21G K21H K21M K21N K21P K21Q K21S K21T K21V																	-2.101704698384355									-2.11365482039747			2	-0.738453172927275
7	D22A D22G D22S				2.048333122157985		-2.0095981417807547			2.250301026834212													2.377763013693451			3.4685952307734107				5	2.189232375279717
8	K23A K23C K23D K23E K23G K23H K23M K23N K23P K23Q K23S K23T K23V						-2.1199425589561662					-2.0425058417764363													-2.009515351991243					3	-0.7929909381809614
9	E40A E40C E40D E40G E40N E40P E40S E40T																								-2.4987788927721604					1	-0.7493894463860802
10	D49A D49G D49S																											2.063411103719632		1	1.531705551859816
11	M53A M53C M53D M53E M53G M53H M53N M53P M53Q M53S M53T M53V					2.2306353490727884		2.564907338155518						2.459913632394214										2.2140592562167782						4	2.69390311516786
12	F57A F57C F57D F57E F57G F57H F57I F57K F57L F57M F57N F57P F57Q F57R F57S F57T F57V					2.123164258185924		2.5833049810468416						2.279115609088227							2.0532094068110887			2.2075642270974187					2.251423538100736	6	2.7853974314757477
13	D59A D59G D59S							2.305122458106977																					2.1577989298947924	2	2.154307129333923
14	L61A L61C L61D L61E L61G L61H L61N L61P L61Q L61S L61T L61V													2.1270001795616054															2.0229058286105586	2	2.0499686693907213
15	D62A D62G D62S					2.0351495919341605		2.518333878376755			2.0290060791651827			2.509650235863769							2.288246589793299	2.090264138821088		2.2480791897937755						7	2.8398412129685036
16	H65A H65C H65D H65E H65G H65N H65P H65Q H65S H65T H65V													2.0283896125018304																1	1.5141948062509152
17	F74A F74C F74D F74E F74G F74H F74I F74K F74L F74M F74N F74P F74Q F74R F74S F74T F74V								2.292039576584786												2.3470470956485388	2.123466476904606								3	2.4406382872844827
18	M77A M77C M77D M77E M77G M77H M77N M77P M77Q M77S M77T M77V	2.23703490402732							3.16191162908461						2.042405530009293		2.946975763930064								2.252599176704696					5	2.9401545006259973
19	F79A F79C F79D F79E F79G F79H F79I F79K F79L F79M F79N F79P F79Q F79R F79S F79T F79V																2.6867542199357377													1	1.8433771099678689
20	K80A K80C K80D K80E K80G K80H K80M K80N K80P K80Q K80S K80T K80V																2.315629557101586													1	1.657814778550793
21	L81A L81C L81D L81E L81G L81H L81N L81P L81Q L81S L81T L81V								2.013801480980098																					1	1.506900740490049
22	Y85A Y85C Y85D Y85E Y85G Y85H Y85I Y85K Y85L Y85M Y85N Y85P Y85Q Y85R Y85S Y85T Y85V																2.116393797494139													1	1.5581968987470696
23	Y86A Y86C Y86D Y86E Y86G Y86H Y86I Y86K Y86L Y86M Y86N Y86P Y86Q Y86R Y86S Y86T Y86V								2.191622584806401								2.362781256201738													2	2.184801280336046
24	E87A E87C E87D E87G E87N E87P E87S E87T																2.100176287695571													1	1.5500881438477856
25	K91A K91C K91D K91E K91G K91H K91M K91N K91P K91Q K91S K91T K91V																2.8010955553104617										2.1825525982347957			2	2.327882717848419
