	mutations	M1	S2	T3	L4	L5	E6	N7	F9	A10	I11	I12	D22	K23	N24	E38	K39	Q43	K46	N47	P48	D49	D50	P51	D52	M53	H60	I63	D64	H65	N66	K67	K68	F79	K80	L81	A82	Q83	A84	Y85	Y86	E87	S88	R90	E92	N93	L94	n_mutations	avg_dG
0	T3E T3F T3H T3I T3K T3L T3M T3Q T3R T3V T3W T3Y																		2.6238823183931275																											2.284801376977947		2	2.3028945651236916
1	L5F L5R L5W L5Y																	2.068976838594547	2.339866567594424																											2.067420951770846		3	2.3690660894899542
2	N7E N7F N7H N7I N7K N7L N7M N7Q N7R N7V N7W N7Y																												2.069526691632688		2.0664802474515342																	2	2.045335646361407
3	I8F I8R I8W I8Y																																													2.11018678663657		1	1.555093393318285
4	L14F L14R L14W L14Y										-2.137131374616963			-2.315328593849665																																		2	-0.8174866561555426
5	F15W										-2.074720656114533	-2.0326643240146813																																				2	-0.7024616600430716
6	R42F R42W R42Y			-2.5074431508676462	-2.0826908462478757	-2.1868441282199327																																										3	-0.9442445313338639
7	Q43F Q43H Q43I Q43K Q43L Q43M Q43R Q43W Q43Y	-2.2336278590778424	-2.653584209290563	-2.932922070914428	-2.835904177143337	-3.034651741279734	-2.6476923485708235	-2.593093190925949	-2.5931459164464874	-2.1876711559389075																																						9	-1.4712292669588074
8	I44F I44R I44W I44Y												2.314455852363199	2.32193114719333	2.0966991168879088																					-3.202198576641904												4	1.5061775079605066
9	L45F L45R L45W L45Y												2.0216934679164376	2.182897746896989																						-2.023790081637141												3	1.2952002832940712
10	K46F K46W K46Y												2.1335114318060997	2.240717580192318	2.1787184330421665																																	3	2.388236861260146
11	N47E N47F N47H N47I N47K N47L N47M N47Q N47R N47V N47W N47Y																					-2.438014659537963		-2.0125343438612013																								2	-0.8168496677997213
12	P48E P48F P48H P48I P48K P48L P48M P48Q P48R P48V P48W P48Y																		-2.6635354243130327																													1	-0.8317677121565163
13	D49E D49F D49H D49I D49K D49L D49M D49Q D49R D49V D49W D49Y																	-2.284355968575391	-2.993012884920613	-3.1728325311783943			-2.139744181976491																									4	-1.3179891133301775
14	D50E D50F D50H D50I D50K D50L D50M D50Q D50R D50V D50W D50Y																				-2.0896416560727604	-2.1790790589471243																										2	-0.7562402383399617
15	M53F M53K M53R M53W M53Y																		-2.4361695008988167	-2.247827510919689																												2	-0.8946656706061683
16	V54F V54H V54I V54K V54L V54M V54R V54W V54Y																		-2.18161575838476	-2.199515492546808																												2	-0.7937104169771896
17	V56F V56H V56I V56K V56L V56M V56R V56W V56Y																	-2.054338511354667	-2.488280610492492	-2.310432140164348					-2.040587563638161																							4	-0.9787277651299338
18	F57W																	-2.2985803947273293	-2.949328468327609	-2.65434606670338	-2.114990511113356	-2.0858243799687517					-2.1908625236592765																					6	-1.184847477785672
19	H60F H60I H60K H60L H60M H60R H60W H60Y																	-2.032899176678766	-2.9849478969801577	-2.6784115504271644	-2.13401337347809	-2.3683124442170143			-2.1802998905427504	-2.2093328171452544																						7	-1.1985271436836498
20	L61F L61R L61W L61Y																										-2.065280968954002																					1	-0.532640484477001
21	I63F I63R I63W I63Y																												-2.29561368240852	-2.0308068856002928																		2	-0.775473522669604
22	D64E D64F D64H D64I D64K D64L D64M D64Q D64R D64V D64W D64Y																													-2.1239249586687365																		1	-0.5619624793343683
23	H65F H65I H65K H65L H65M H65R H65W H65Y																												-2.061573406269516																			1	-0.530786703134758
24	E73F E73H E73I E73K E73L E73M E73Q E73R E73W E73Y																																													2.1314445011977226		1	1.5657222505988613
25	F74W																																													2.031520285175726		1	1.515760142587863
26	L75F L75R L75W L75Y																																													2.001180430753058		1	1.500590215376529
27	L76F L76R L76W L76Y																																													2.183097628621843		1	1.5915488143109215
28	M77F M77K M77R M77W M77Y																										-2.0027755360975643																					1	-0.5013877680487822
29	V78F V78H V78I V78K V78L V78M V78R V78W V78Y															-2.050536644625022	-2.2812848090412303																															2	-0.7772738178887509
30	F79W													2.174707925506736	2.234000594058821																																	2	2.136236173188519
31	K80F K80W K80Y													2.112649675286537																																		1	1.5563248376432686
32	L81F L81R L81W L81Y												2.3506205154116078	2.554146502411104	2.44644648860638																			-2.2281467963936663	-2.070797485134889		-2.539332454864347	-2.8437710605239306	-2.6549581993099656		-2.626827638537101	-2.267203170455855	-2.1122728683369805		-2.3299169411548486	-2.0110576293125577		13	-0.2380764812567891
33	A82C A82D A82E A82F A82H A82I A82K A82L A82M A82N A82P A82Q A82R A82T A82V A82W A82Y													2.2151709313025174	2.1586449305733963													2.130360859462697	2.53264787446009	2.4264301935604977	2.3359146180883137		2.0406331340187065							-2.214597786913154	-2.1557459524330884						-2.24380496379467	10	1.747786712575028
34	Q83F Q83H Q83I Q83K Q83L Q83M Q83R Q83W Q83Y																																			-2.0351579758171288					-2.1494644952866	-2.312475197510343		-2.094691004461189		-2.1111526554876967	-2.6210359838126607	6	-1.0462824731965168
35	A84C A84D A84E A84F A84H A84I A84K A84L A84M A84N A84P A84Q A84R A84T A84V A84W A84Y												2.233423890738306	2.365332584034044	2.131780057448008																																	3	2.4326341330550894
36	Y85W												2.2652617777024524	2.556079674901802	2.233177135279675													2.245310007768238	2.480068973276069	2.3963904640690994	2.4225999330537937	2.070407809595175																8	2.9632550861829228
37	Y86W												2.1994527523230247	2.45021432539448	2.245931337930488				2.1946542419820174																													4	2.618050531526002
38	T89E T89F T89H T89I T89K T89L T89M T89Q T89R T89V T89W T89Y													2.351133130849144	2.038012855651468														2.197949810190506	2.1392182653743714	2.233566476748976																	5	2.659980089802411
39	E92F E92H E92I E92K E92L E92M E92Q E92R E92W E92Y																		2.0224224366260577																													1	1.5112112183130288
