	mutations	S2	T3	L5	E6	N7	I8	F9	A10	I11	I12	N13	L14	K16	Q17	K20	K21	D22	K23	N24	T25	D26	T27	S29	K30	E35	E38	K39	E40	R42	Q43	I44	K46	N47	P48	D49	D50	P51	D52	D55	V56	F57	D59	H60	I63	D64	H65	N66	K67	K68	D70	T72	L75	L76	V78	F79	K80	L81	A82	Q83	A84	Y85	Y86	E87	S88	T89	R90	K91	E92	N93	L94	n_mutations	avg_dG
0	M1A M1C M1D M1E M1G M1H M1N M1P M1Q M1S M1T M1V								-3.2879438155929823	-3.058030040992983	-2.759889815510378	-3.1084865606682053	-2.738121114689324	-2.175634011636586	-2.3539866365439868				-2.112794393562028								-2.2991783601828257	-2.4083525123074185	-2.536724055101608	-2.295477891201526	-2.487032028419478	-2.4538920017623744	-2.804429711645424	-2.830246949765337	-2.550414999007212	-2.673550693428804	-2.3399751449045505	-2.181728940303086															-2.6242473824036137		-2.614324094877916								-2.011829818181033			-2.022122917342009		-2.320047856455115	-2.2104319792724247	-2.045594924687626	-2.265664279686702	28	-1.4334535493149156
1	L5A L5C L5D L5E L5G L5H L5N L5P L5Q L5S L5T L5V		2.209688513789921		2.067231017156935																																																																			2	2.0923065103156184
2	N7A N7C N7G N7S	2.109322859230216	2.112188796076734																																																																					2	2.0738372184356497
3	I8A I8C I8D I8E I8G I8H I8N I8P I8Q I8S I8T I8V	2.1614794356905267																																																																						1	1.5807397178452633
4	F9A F9C F9D F9E F9G F9H F9I F9K F9L F9M F9N F9P F9Q F9R F9S F9T F9V	2.067502418434734	2.0027650306214784														-2.018940691743348	-2.097205244145237	-2.315742360951184	-2.046909656621733																																																				6	0.2273527850849586
5	I12A I12C I12D I12E I12G I12H I12N I12P I12Q I12S I12T I12V			2.156161631262598	2.1928911004144456	2.014624055183438			2.2280980605544345			2.780039057513073																																																												5	2.7286356508213316
6	N13A N13C N13G N13S								2.123169064963665																																																															1	1.5615845324818325
7	L14A L14C L14D L14E L14G L14H L14N L14P L14Q L14S L14T L14V					2.353078198365292	2.000242486543536	2.098294995859478	2.5682077115869544	2.0613174847540368	2.02307825113023	3.430693017347517		2.254775608996385		2.4229087561095617																																																								9	3.021259651069299
8	F15A F15C F15D F15E F15G F15H F15I F15K F15L F15M F15N F15P F15Q F15R F15S F15T F15V											2.258848185441549	2.0347750728191327	2.3840958647363326	2.4133121422137447	2.957788286119168	2.53219578760784				2.7953032078084243	2.366604708738674	2.382476338062263																																																	9	3.112539959354713
9	K16A K16C K16D K16E K16G K16H K16M K16N K16P K16Q K16S K16T K16V											2.2523729832514268																																																												1	1.6261864916257134
10	Q17A Q17C Q17D Q17E Q17G Q17N Q17P Q17S Q17T													2.1113601281370307		2.371496377956136		2.387291216513433			2.244679381515405																																																			4	2.622965420824401
11	K20A K20C K20D K20E K20G K20H K20M K20N K20P K20Q K20S K20T K20V																	2.1262092487121507	2.337040253489559	2.023314346647419																																																				3	2.371640962212282
12	K21A K21C K21D K21E K21G K21H K21M K21N K21P K21Q K21S K21T K21V																																																													-2.101704698384355	-2.136791428382063	-2.195547943434906	-2.11365482039747	-2.196918256238748	-2.161517884932193	-2.3219950319448315	-2.320889501794164	-2.311396044639462	-2.603655577350086	10	-1.1330973806816615
13	D22A D22G D22S															2.2653212332625405			3.4685952307734107	2.250301026834212	2.377763013693451	2.048333122157985											-2.151124038768075	-2.1790806971686165		-2.0095981417807547																																				8	1.5633900832226837
14	K23A K23C K23D K23E K23G K23H K23M K23N K23P K23Q K23S K23T K23V																									-2.1898468439098213	-2.0425058417764363	-2.2042334908861814	-2.2436392237071185		-2.009470867640174		-2.0759320878125136	-2.0832648354375527		-2.1199425589561662								-2.009515351991243		-2.1248694889478177																										10	-1.0093836900968205
15	K39A K39C K39D K39E K39G K39H K39M K39N K39P K39Q K39S K39T K39V																																																														-2.156482481984409	-2.1174691283807103					-2.319177179722874	-2.1304869355330984	-2.1121117953651902	5	-0.9726212534977137
16	E40A E40C E40D E40G E40N E40P E40S E40T																																											-2.4987788927721604	-2.5023785532357623	-2.6571617623714245	-2.467606582329441	-2.170105580951548				-2.1844161263842987		-2.304838480222204															-2.100411229649723			8	-1.209521911990729
17	L45A L45C L45D L45E L45G L45H L45N L45P L45Q L45S L45T L45V																														2.361841246148898		2.022313724916921																																							2	2.1280516570219397
18	D49A D49G D49S																																					2.063411103719632																																		1	1.531705551859816
19	M53A M53C M53D M53E M53G M53H M53N M53P M53Q M53S M53T M53V																								2.2306353490727884														2.4378607518940307	2.2140592562167782	2.564907338155518		2.459913632394214																													5	2.817896054622222
20	F57A F57C F57D F57E F57G F57H F57I F57K F57L F57M F57N F57P F57Q F57R F57S F57T F57V																								2.123164258185924															2.2075642270974187	2.5833049810468416		2.279115609088227						2.251423538100736	2.0532094068110887																						6	2.7853974314757477
21	M58A M58C M58D M58E M58G M58H M58N M58P M58Q M58S M58T M58V																																														2.0900378145160445																									1	1.5450189072580223
22	D59A D59G D59S																																								2.305122458106977					2.1535465901188657	2.622805849773919	2.341832218619434	2.1577989298947924																							5	2.7635176744189978
23	L61A L61C L61D L61E L61G L61H L61N L61P L61Q L61S L61T L61V																																										2.1270001795616054		2.127027842762777	2.138892127321401	2.320510213006907	2.246964602894701	2.0229058286105586																							6	2.7119001134511356
24	D62A D62G D62S																						2.090264138821088	2.0290060791651827	2.0351495919341605															2.2480791897937755	2.518333878376755		2.509650235863769		2.281106861609078		2.883076234248924			2.288246589793299																						9	2.9882912799606034
25	I63A I63C I63D I63E I63G I63H I63N I63P I63Q I63S I63T I63V																																													2.4244226095618218	2.53573382184836	2.3517792474263195																								3	2.5779839197091254
26	D64A D64G D64S																																														2.099076988033346																									1	1.549538494016673
27	H65A H65C H65D H65E H65G H65N H65P H65Q H65S H65T H65V																																										2.0283896125018304			2.201998102055766		2.0058768084747407																								3	2.309066130758084
28	K67A K67C K67D K67E K67G K67H K67M K67N K67P K67Q K67S K67T K67V																																														2.3700660108174123	2.5093735789029075																								2	2.2931465299067733
29	K68A K68C K68D K68E K68G K68H K68M K68N K68P K68Q K68S K68T K68V																																														2.224960708691384																									1	1.612480354345692
30	F74A F74C F74D F74E F74G F74H F74I F74K F74L F74M F74N F74P F74Q F74R F74S F74T F74V																						2.123466476904606																						2.0939256819134986					2.3470470956485388				2.0675953644480427		2.3260558731920016	2.292039576584786															6	2.7500185812416396
31	M77A M77C M77D M77E M77G M77H M77N M77P M77Q M77S M77T M77V																																									2.23703490402732		2.252599176704696							2.1241365112837505	2.1545796772570096		2.588528918560098		2.860482501161868	3.16191162908461	2.042405530009293	3.303945076524136	2.721469141720901	2.946975763930064											11	3.2828390691886455
32	F79A F79C F79D F79E F79G F79H F79I F79K F79L F79M F79N F79P F79Q F79R F79S F79T F79V																																																					2.2814653237089866					3.2961013538127677		2.6867542199357377											3	2.8160802243643728
33	K80A K80C K80D K80E K80G K80H K80M K80N K80P K80Q K80S K80T K80V																																																										2.647982597104901	2.3697477208228808	2.315629557101586											3	2.583339968757342
34	L81A L81C L81D L81E L81G L81H L81N L81P L81Q L81S L81T L81V																																																								2.013801480980098		2.1350545444657314													2	2.0496186751486096
35	Q83A Q83C Q83D Q83E Q83G Q83N Q83P Q83S Q83T																																																										2.143127140870902													1	1.571563570435451
36	A84G																																													-2.115399101763942	-2.026510708788716																									2	-0.713969936850886
37	Y85A Y85C Y85D Y85E Y85G Y85H Y85I Y85K Y85L Y85M Y85N Y85P Y85Q Y85R Y85S Y85T Y85V																																																										2.479532603640303		2.116393797494139											2	2.1986421337114805
38	Y86A Y86C Y86D Y86E Y86G Y86H Y86I Y86K Y86L Y86M Y86N Y86P Y86Q Y86R Y86S Y86T Y86V																																	-2.021529068629985																							2.191622584806401		2.6548037277227023	2.089507083541484	2.362781256201738					2.0204185732658604				2.588123838350016		7	2.3607159994072773
39	E87A E87C E87D E87G E87N E87P E87S E87T																																																										2.233308143744063		2.100176287695571									2.101405085769344		3	2.3587223793022445
40	S88G																																																																					2.1633502980177064	2.2302861042892257	2	2.1312121341023107
41	T89A T89C T89G T89S																																																																						2.0162977063966587	1	1.5081488531983294
42	R90A R90C R90D R90E R90G R90H R90I R90L R90M R90N R90P R90Q R90S R90T R90V																																																																					2.132031395787805	2.250454578759846	2	2.127495324849217
43	K91A K91C K91D K91E K91G K91H K91M K91N K91P K91Q K91S K91T K91V																																																												2.8010955553104617			2.038339756021368	2.1825525982347957	2.2559381813417514	2.295589002993077		2.003174387956668	2.502624053965399	2.781150457007824	8	2.9844959992034825
44	L94A L94C L94D L94E L94G L94H L94N L94P L94Q L94S L94T L94V		-2.113234907468385																														-2.082817480676141	-2.0454544663559915																																						3	-0.8103767136251294
