{"struct_fname": "cache/sessions/NUI8P9VE/wt.masked.pdb", "site_info_homo_fname": "", "chains": ["A"], "job_id": "NUI8P9VE", "cat_info_request_fname": "cache/sessions/NUI8P9VE/CatInfoRequest.json", "request_fname": "cache/sessions/NUI8P9VE/Request-0.json", "upload_fname": "cache/sessions/NUI8P9VE/wt.pdb", "mod_info_user_fname": "", "error": {}, "pdb_query": "", "asm_selection": "", "runmode": "ASM", "homo_vast": "", "mode": "Upload", "sameSite": "", "chainIDmap_fname": "cache/sessions/NUI8P9VE/chainIDmap.json", "has_email": true, "cat_info_user_fname": "cache/sessions/NUI8P9VE/CatInfoUser.json", "asm_info_fname": "", "output_fnames": {"status": "Complete", "plot_asm_diff_name": "cache/sessions/NUI8P9VE/wt_ASM_DIFF.pdf", "asm_up_name": "cache/sessions/NUI8P9VE/wt_ASM_UP.json", "resplist_name": "cache/sessions/NUI8P9VE/wt_responselist.json", "plot_asm_up_name": "cache/sessions/NUI8P9VE/wt_ASM_UP.pdf", "mutlist_name": "cache/sessions/NUI8P9VE/wt_mutationlist.json", "asm_down_name": "cache/sessions/NUI8P9VE/wt_ASM_DOWN.json", "plot_asm_down_name": "cache/sessions/NUI8P9VE/wt_ASM_DOWN.pdf"}, "stage": 4}