	mutations	V114	A118	I136	M144	W148	L153	F173	S175	N177	S179	P181	K185	P188	K189	P190	P191	S192	P193	P194	A195	P199	V200	H213	D214	D222	R240	P241	G244	Y245	L256	R257	E260	S264	G265	G267	P268	P271	D273	D293	R296	V312	P332	R341	R364	I365	P375	G376	R389	E390	Q406	G410	A414	D417	R418	G419	K421	H432	K435	W439	R443	N450	H459	E471	E472	S475	R476	Y490	I491	G492	N505	Y506	S507	G508	L514	N522	T524	Q525	I528	P529	G530	A531	I532	H534	R542	G546	P548	N549	T553	H556	N557	R561	R563	H580	P582	S583	S600	D604	P606	R610	H611	n_mutations	avg_dG
0	W86A W86C W86D W86E W86F W86G W86H W86I W86K W86L W86M W86N W86P W86Q W86R W86S W86T W86V W86Y	-2.23469904471617	-2.2435408866794497	-2.157394310419702			-2.013247449698947														-2.447910998258623				-2.110705200747584	-2.6405209378198444	-3.077530612553115	-3.079944613018119	-2.1780249175218698	-2.0907083733363048																																				-2.2981391770870805											-2.228089063209892	-2.2653297621628727	-2.239202414722878	-2.204965523628948	-2.4755340916454505	-2.194699687843232								-2.1890745809859284	-2.411123521103598	-2.4935371973042506	-2.6939165837463266		-2.475828025037347	-2.6840666753200835	-2.084717891049764	-2.196422115653092	-3.1002919350185456	-2.6080570719781657	-3.238843722203589	29	-1.3785355461490254
1	N88A N88C N88G N88S											-2.106171193854804	-2.366911821473133	-2.0226236320833326							-2.190419861096836	-2.0205448967614115				-2.3512292737297087	-3.180993755303456	-2.9033760810419724																										-2.0734773464214773	-2.0807089599812585											-2.0348156862118296			-2.1112230357667867	-2.105891585135649											-2.2105946230704943					-2.090742371117863					-2.131770141326533	-2.4270347505525875	-2.5293375541176206	-2.8176004972606337	-3.466343581646428	-3.846187867096942	-2.0843682936449417		-2.5363980645941355	-2.543850478014545	-2.8684494650139016	25	-1.388502492935319
2	L89A L89C L89D L89E L89G L89H L89N L89P L89Q L89S L89T L89V																																																																																															-2.011141594483759						1	-0.5055707972418795
3	T90A T90C T90G T90S																																																																																														-2.1231373386390007	-2.5651329059281927						2	-0.8960900815223978
4	L103A L103C L103D L103E L103G L103H L103N L103P L103Q L103S L103T L103V																																																																																															-2.1940697355190824						1	-0.5970348677595412
5	A128G			2.2437765131950207																																																																																																		1	1.6218882565975103
6	P129A P129G P129S			2.4741378615234964																																																																																																		1	1.7370689307617482
7	D143A D143G D143S																																																																																												-2.0041400617543963								-2.06160808073718	2	-0.688582714163859
8	V152A V152C V152D V152G V152N V152P V152S V152T							2.74091757989204																																																																																														1	1.87045878994602
9	D171A D171G D171S								3.170420072724116																																																																																							-2.0039020970259767						2	1.0555059918993799
10	I172A I172C I172D I172E I172G I172H I172N I172P I172Q I172S I172T I172V								3.4151584176498093																																																																																							-2.002736313094099						2	1.1374740348519035
11	F173A F173C F173D F173E F173G F173H F173I F173K F173L F173M F173N F173P F173Q F173R F173S F173T F173V																										-2.077567725918598																																3.084264129046397																																											2	1.002232134375933
12	S174G									2.354098695779348																																																	2.105495768304691																																		-2.0871304494738383		-2.209884401853451	-2.3994467153078616			-2.0070085100927573		-2.075319173349861	7	0.08510065175078374
13	S175G																																																										3.102821056955022	2.969114788856812																																										2	2.6906452819372784
14	W176A W176C W176D W176E W176F W176G W176H W176I W176K W176L W176M W176N W176P W176Q W176R W176S W176T W176V W176Y	-4.067728833695497	-4.176983857474868	-3.9135194553912735	-3.931894067699517	-3.851881824467598	-3.440326824354849	3.2011121277539387			5.614918610837677	-2.4673313703762743	-2.823595855725401	-2.9706561436914907	-2.571006655058839	-2.6482800033122444	-2.484536071572477	-2.6104169026482067	-2.998177899945735	-2.8818125660806366	-3.571055243657491	-3.1620002584573683	-3.079957288058041	-2.2624667612442875	-2.529023051041455	-2.694308291285928	-2.8351522374296216	-2.9891476889141333	-2.6717833895380223	-2.6861241913284437	-2.5590659507443885	-2.673843467981133	-2.861089165781029	-2.776133308143172	-2.509630491626224	-2.3217666265972854	-2.899400535168642	-2.9329405923146536	-2.6895910103200404	-3.037118895203434	-2.8501227234692275	-2.952347811240487	-2.6462609793556027	-2.853107892957739	-2.6772250570397	-2.677318115674043	-2.3610560287484774	-2.05407224189166	-2.48028179711542	-2.765619075778025		-2.1095535757444503	-2.322575678872329	-2.3994055803443324	-2.327179183695944	-2.2279668854278487	-2.444668046389048	-2.374272642516601	4.480283025418405	4.566764220432779		-2.554912948800866	-2.468752222928296	-2.1774562483766524	-2.396638213499892	-2.6638586273483478	-2.2232962603783832	-2.7176447143158406	-2.902559277166616	-2.489135769631743	-2.5515376605731834	-2.4180080555599077	-2.356695923339854	-2.151013564162134	-2.225900962008918	-3.095000090463921	-3.304770119848296	-3.297588682032641	-3.372756928842674	-3.469365666130644	-3.1065768246748102	-3.066487905417464	-3.3945693890343933	-3.020377684166145	-2.1980099202551777		-2.178357049155604	-2.240923610381969	-2.4850902538473147	-2.3763594027994763	-2.734282008184433	-2.8321923694957123	-3.087819765167065	-3.2783324296742515	-3.6433285286243446	-3.826852951772488	-2.3910647328492707	-2.047655148713358	-3.0391339387437566	-3.0564899405564145	-3.3643137343740563	95	-1.4733834544942097
15	N177A N177C N177G N177S																										-2.353392297945371																								2.8344760138820004									2.578614471548378																																										3	1.514924546871252
16	I178A I178C I178D I178E I178G I178H I178N I178P I178Q I178S I178T I178V	-2.1269959030984102	-2.1466709983370924	-2.005273334825102	-2.1171658923680154							2.367606617263174									-2.070892285483796																						-2.0965116889982625						-2.1090821947604663	-2.251170857859913										2.0175502521997704																																	-2.0390070585838425		-2.1093369876271706	-2.30159328752853			-2.0022725103107173		-2.123048949589068	15	-0.5071165674942151
17	S179G																																																-2.0347429265558623	-2.034013215816078		2.7094265872105874																																																		3	0.4101676112096617
18	L180A L180C L180D L180E L180G L180H L180N L180P L180Q L180S L180T L180V									2.544503191787137			2.5574055855159727																																							3.347348863820662																																																		3	2.862314410280943
19	P181A P181G P181S												3.311346298211112																																						3.1285849308418165	3.789421145796103	3.804980845573032																																																-2.059687146087841	5	2.829107679055704
20	T182A T182C T182G T182S	-2.5629608721370416	-2.338313951475297	-2.0703172833880448	-2.4009725988657165						2.422953848951054										-2.0397136901358914																																																																											-2.114319761171876						7	-0.5129555385278517
21	V183A V183C V183D V183G V183N V183P V183S V183T																																																				3.789945122180074																																																	1	2.3949725610900368
22	P184A P184G P184S	-2.551527759755159	-2.3035398166705714		-2.181375911755064							2.1771531277427374									-2.084395377391747																																																																								-2.072473991645946		-2.052576174120995	-2.2307402988274507			-2.215939245679732		-2.1430146496521347	10	-0.6962209179778237
23	K185A K185C K185D K185E K185G K185H K185M K185N K185P K185Q K185S K185T K185V	-2.521108172696611	-2.2876887340868937	-2.0357959295383625	-2.3319362256226515	-2.2522917374604647	-2.022806199990913					2.605223814032033																																																		2.183462493189312																																		-2.154000056790541			-2.0518157144299427			10	-0.2607960421268212
24	P186A P186G P186S														3.5247094382382715																																							3.1964918632955035																																																2	2.907067100511258
25	P187A P187G P187S	-2.5109232813505398	-2.3573672254506586		-2.18006116065794	-2.000180663627744										2.068943504892738											-2.237443487215899	-2.0337380298192467																																																					-2.088942601598017									-2.011092722461022	-2.2017578471173977	-2.079594505902042	-2.2301460135179063		-2.1956751505580416	-2.370525851831757			-2.4314082195008435	-2.043115712701334	-2.332817136765885	17	-0.9019914502879741
26	P188A P188G P188S																2.629246105439841										-2.065214894272204																																																																					-2.0072999648113203						3	0.3891828115890792
27	K189A K189C K189D K189E K189G K189H K189M K189N K189P K189Q K189S K189T K189V																				-2.2175934045176957						-2.193187410621785	-2.006510379424475																																																			-2.144746723226261	-2.170490439477606	-2.1120411147268627	-2.0506995880946275	-2.0632834522266643												-2.0173995485575755				-2.1179001973056275		-2.21818210241565	11	-1.0260028633829024
28	P190A P190G P190S																		2.9506604648454235																																																																						2.4586153701446403													2	2.4697586116633548
29	P191A P191G P191S													2.941915563377748						3.191708540132632																																					2.376811031250617					2.545099252968632												3.2726477250334445	2.8129966436237392													2.835236555612257														7	3.3720519139998837
30	S192G																				2.9887770300836416																																									2.045161583897514												2.843202922060219																												3	2.7192853840103437
31	P193A P193G P193S	-2.3468178073097894	-2.259442432177917	-2.1417906829310005	-2.331749367031293	-2.2802893506294577	-2.094656452394883	-2.142840250839337	-2.182704977650196	-2.1901606323667	-2.1625984316619387	-2.289312674458131	-2.277219230868657													-2.1023573762946923	-2.326762222128777	-2.4001868802539748														-2.1385728390186216	-2.1891195810196566	-2.1766798538605427	-2.130788147146043	-2.235838909206429			-2.408100970922617	-2.565382760231117	-2.2388949156317417			-2.186420017555576	-2.193757437516539			-2.0941728069282872	-2.07394388118402						-2.163157969089848	-2.386866899036032			-2.0203168563592606							-2.0066911723266414	-2.290377203756614	-2.2375640032863044	-2.288140742620899	-2.352010575904149	-2.149595735847182	-2.1721165560831457	-2.273428999382677				2.120988775752825		-2.1495480276851877	-2.2629335482136206	-2.449592766902424	-2.4767270712111404	-2.551728735633393	-2.0903184659988026	-2.407548630321169	-2.517248372846533	-2.3247569067989464	-2.019166581064056	-2.791217415758697	-2.6988276901915635	-2.9142062698743625	52	-1.1704464020690142
32	P194A P194G P194S																2.4451803355074277					2.9256198138134284	2.485226445474928																																																			2.9418483821567163														2.384296667853944											-2.145428421539668		-2.197927438963315	7	1.9798519730379327
33	A195G	-2.321577766776667	-2.2851124367078626	-2.2953634224515778	-2.6450707675388503	-2.473993053802926			-2.357347439619053	-2.0893669783469093								5.657469474701966				5.687742549844296	5.194767267847212																				-2.1472503533828142	-2.0212871229529825					-2.505613594682277	-2.650022509561352								-2.109996225768608	-2.110281398165846	-2.0838183885962502					-2.165051660950924	-2.1188088507442697								5.582832563288069																		-2.0158381432365444	-2.4175867815948		-2.4587935165081727	-2.9842938160478463		-2.057137883137356	-2.684291917043067	-2.4731897416556654	-2.884637830277499	28	-0.21492826702995096
34	P196A P196G P196S																		3.297248179037216			3.191510021738218	3.088091340288153																																																																															3	3.144212385265897
35	A198G																		2.386940413112384																																																				2.2616860698753616		2.36373380357218	2.5374583568365443																												4	2.709963728679294
36	P199A P199G P199S																			2.501009018643755	2.641916839565783																																																				3.4272517747882536																													3	2.8925444082494476
37	W211A W211C W211D W211E W211F W211G W211H W211I W211K W211L W211M W211N W211P W211Q W211R W211S W211T W211V W211Y																								2.20368190017958							2.6963493529944347	3.1879934385585367																																			2.0123861090003605																																		4	2.8200821601465824
38	H213A H213C H213D H213E H213G H213N H213P H213Q H213S H213T H213V																														3.804798618291178	3.8505990878048655								4.392190900395127																																																														3	3.7618971516227924
39	D214A D214G D214S																														3.761452309111726																																																																							1	2.380726154555863
40	Y215A Y215C Y215D Y215E Y215G Y215H Y215I Y215K Y215L Y215M Y215N Y215P Y215Q Y215R Y215S Y215T Y215V																														2.152570392153531																																																																							1	1.5762851960767654
41	L216A L216C L216D L216E L216G L216H L216N L216P L216Q L216S L216T L216V																							2.284660850964053							2.748299638592387																																																																							2	2.34432016318548
42	E217A E217C E217D E217G E217N E217P E217S E217T																								2.773974006693636																																																																													1	1.886987003346818
43	D222A D222G D222S																											2.1279021732987493																																										2.394416934759966																										-2.2078702931378165						3	1.3286122037302248
44	C223A C223G C223S	-2.010080157779641																																																																																														-2.105299887854727						2	-0.7051266818781228
45	A224G					-2.067272809117702																					-2.22535235336715																																																																					-2.0161159662603643						3	-0.8271852821863042
46	P226A P226G P226S																																																																				2.174898157139061																																	1	1.5874490785695305
47	L227A L227C L227D L227E L227G L227H L227N L227P L227Q L227S L227T L227V																								3.630196866285867	2.1595525999043144																																											3.0708840753527533																																	3	2.9651583853857337
48	R231A R231C R231D R231E R231G R231H R231I R231L R231M R231N R231P R231Q R231S R231T R231V																							2.244256897261716																																																																														1	1.622128448630858
49	S233G																								2.265883436819384																																																																													1	1.632941718409692
50	P236A P236G P236S																									2.2757517546698423																																																																												1	1.6378758773349211
51	P237A P237G P237S																									2.581450779880247																																																																						-2.2795052031519725						2	0.7673151922427581
52	A238G																											2.2091213569235246																																									-2.010891826149137																									-2.4554046423376983	-2.7756081892213724	-2.992463849352524						5	-0.5042078583562013
53	R240A R240C R240D R240E R240G R240H R240I R240L R240M R240N R240P R240Q R240S R240T R240V						-2.3837459780082813																																																														-2.204373412859101									-2.082555170076136		-2.0217207653516738	-2.2492265546511723											-2.1798904707664217	-2.415740542445341	-2.548273390578027	-3.009113622206871	-3.524038472549221			-2.3880895081818303	-2.330505190308056	-2.531190493193773	13	-1.347747397941136
54	P241A P241G P241S					-2.0969009144217488																																																																																										-2.343833753617683					-2.15574706222082	3	-0.8991204325650628
55	Y245A Y245C Y245D Y245E Y245G Y245H Y245I Y245K Y245L Y245M Y245N Y245P Y245Q Y245R Y245S Y245T Y245V																																																																														2.250436430036471	2.487775534944733	3.128848527926951	2.598038333396652																	-2.0234155850443782		-2.0206233591664224	6	1.7744371260134295
56	W246A W246C W246D W246E W246F W246G W246H W246I W246K W246L W246M W246N W246P W246Q W246R W246S W246T W246V W246Y																														2.48767476973919		2.761576002922689																																											2.1710342774439675	2.243867591447398	2.437543729502709	2.685120747011718	2.8618902960888475			2.2382663683083743																			8	3.098552642496099
57	E248A E248C E248D E248G E248N E248P E248S E248T	-2.0773422610785923										-2.185029111162276	-2.339534695326144	-2.386995287513454	-2.267038309500724	-2.2268752623815726			-2.1002523964121638		-2.334831772580304	-2.039845949488513	-2.0004504617427665																															-2.223299320311608	-2.433984205494388							-2.155671044227961		-2.0846500574882203	-2.178665891952264	-2.253238158062383																							-2.279310461965153	-2.3326845217249543	-2.512634189249417	-2.219465214543323	-2.227407467829745				-2.4042162406769267	-2.052517876706802	-2.585010846608358	-2.2234777449860683	-2.434500184592423	26	-1.205886256800241
58	D253A D253G D253S																														2.036647686147081																																																																							1	1.5183238430735404
59	L256A L256C L256D L256E L256G L256H L256N L256P L256Q L256S L256T L256V																							3.2624676667851364	3.2771577267338445																																																																													2	2.8465417978396608
60	R257A R257C R257D R257E R257G R257H R257I R257L R257M R257N R257P R257Q R257S R257T R257V																																	2.566323254000246																																																																				1	1.783161627000123
61	L262A L262C L262D L262E L262G L262H L262N L262P L262Q L262S L262T L262V																																			2.244177593209541																																																																		1	1.6220887966047706
62	L263A L263C L263D L263E L263G L263H L263N L263P L263Q L263S L263T L263V																															3.925872957067011																																																																						1	2.4629364785335053
63	L266A L266C L266D L266E L266G L266H L266N L266P L266Q L266S L266T L266V																																3.0759193472974857					4.0387088159111775																																														2.584004236677021																		3	3.174658099971421
64	P268A P268G P268S									-2.035648285164643		-2.051526412451305	-2.021807704508809								-2.0706754410258403													2.231033241435257				2.751824899353278											-2.1476450280164534	-2.1085247645240366																																										-2.0563506874768094	-2.1540479630483342			-2.157220509971299			-2.339531592997338	-2.0734198923162133	-2.2749459379335137	14	-0.4338990719097372
65	P271A P271G P271S	-2.3051099452954738	-2.2858406601209613	-2.094903823189122	-2.23891742598244	-2.0865317263534804						-2.075122519208101	-2.095626970902705	-2.161457834196072		-2.0452664261018643			-2.1186779625609065		-2.3283271784059285					-2.029203376015302	-2.341188569583784	-2.3829897030875657									2.8980536538300976					2.512111507429798							-2.0749706261982204	-2.047696165065684																-2.0573376490355244			-2.026472840146008								-2.125017456961105	-2.073999503833441	-2.193674559507558	-2.253311140623683	-2.03037639820201	-2.0695773807604887	-2.1695688142568823						-2.168123295146804	-2.20720120243488	-2.3894590863276237	-2.2046468902293657	-2.3196684970025934	-2.117711024855637	-2.4169958277459616	-2.4880865426273817	-2.0016684076136584		-2.435151639895641	-2.288100760932904	-2.4984135160220533	39	-0.920905704629223
66	F272A F272C F272D F272E F272G F272H F272I F272K F272L F272M F272N F272P F272Q F272R F272S F272T F272V	-2.2792633052531723	-2.041886584006501	-2.0182919113838715	-2.10906884839056																		2.0812909569264457													3.4732058662043044	3.227929525420601																																																																	7	0.9167394624396558
67	D273A D273G D273S	-2.6438969014188456	-2.6270719631672192	-2.481591383934764	-2.3317390520747385	-2.082075466573567																					-2.220347021960837	-2.1690503967696704																																											2.213826685160594																															8	-0.7046606111932275
68	M274A M274C M274D M274E M274G M274H M274N M274P M274Q M274S M274T M274V	-2.3249415288942243	-2.2225319430074264	-2.0109668483378624	-2.14685236159878	-2.034501489538289																																2.3927668896108205																																																																6	-0.3352896116808231
69	P282A P282G P282S																							2.5503329722968755																3.237514314410081	2.963089823455031																																																													3	2.9377342775404967
70	H284A H284C H284D H284E H284G H284N H284P H284Q H284S H284T H284V	-2.1407030768785464																						2.162772595236721																																																																											-2.056549184699791		-2.1325005859179007	4	-0.03339605045190339
71	D285A D285G D285S																							2.777707366256047																3.479916867735904																																																														2	2.7525414113306503
72	V286A V286C V286D V286G V286N V286P V286S V286T																																							2.7122307138088315																																																														1	1.8561153569044158
73	H288A H288C H288D H288E H288G H288N H288P H288Q H288S H288T H288V				-2.1281926421683703	-2.146546795420924	-2.0848273583884573																																																																																								-2.3537728745596103	-2.587393591508965					-2.048616881385391	6	-1.0499071633473882
74	Q289A Q289C Q289D Q289E Q289G Q289N Q289P Q289S Q289T																																								3.0252547986350806																																																												-2.061710383364619	2	0.9878481384234873
75	T290A T290C T290G T290S																																								2.9146965044209026																																																													1	1.9573482522104513
76	R291A R291C R291D R291E R291G R291H R291I R291L R291M R291N R291P R291Q R291S R291T R291V	-2.538410247851421	-2.306914743845152		-2.072130847697048						-2.072848967982765	-2.06588357914653									-2.009830502730229						-2.042435083670646																																																																								-2.055149252645276			8	-1.0181781361743407
77	R306A R306C R306D R306E R306G R306H R306I R306L R306M R306N R306P R306Q R306S R306T R306V																																									3.881937068342885																																																												1	2.4409685341714424
78	K307A K307C K307D K307E K307G K307H K307M K307N K307P K307Q K307S K307T K307V	-2.2152011290100875																																2.9665493988455918								2.8565144262871294																																																												3	1.6519656740306585
79	F308A F308C F308D F308E F308G F308H F308I F308K F308L F308M F308N F308P F308Q F308R F308S F308T F308V																																		3.906397643099911	4.607301733434565						4.037090492780407																																																												3	3.887697467328721
80	L309A L309C L309D L309E L309G L309H L309N L309P L309Q L309S L309T L309V	-2.253958308805639	-2.028596669501065		-2.143926673172477																													2.806729089256589		3.5580972642202937		3.2535046662429274	2.5652339910277844																																																															7	1.5946354199085517
81	P311A P311G P311S	-2.285490684564528	-2.2213993124785087	-2.031397161257701	-2.3512091852947523	-2.130760674925583		-2.028052600666176				-2.099347158368524	-2.045577980007672								-2.0909837552151376						-2.1737248097162007	-2.055219765894504											2.005800391750329																																									-2.0710391919127726	-2.083937724596857	-2.061132409405186										-2.067044783689835	-2.188523156334637		-2.1881779944427744	-2.343110905755654			-2.23683058410528	-2.1343452924374517	-2.387150657518902	22	-0.924724147688622
82	V312A V312C V312D V312G V312N V312P V312S V312T	-2.461542140438263	-2.2283864629986816	-2.1806369382576034	-2.319970239602558	-2.1848674652213997	-2.1298690711328363																															2.340898616975759																																																													-2.0725508788482534		-2.0898085435722784	9	-0.6326733123096115
83	Y315A Y315C Y315D Y315E Y315G Y315H Y315I Y315K Y315L Y315M Y315N Y315P Y315Q Y315R Y315S Y315T Y315V																																									4.24652797335518																																																												1	2.62326398667759
84	V318A V318C V318D V318G V318N V318P V318S V318T																																																														2.924276129485962																																							1	1.962138064742981
85	N320A N320C N320G N320S																																																2.2961876347861536																																																					1	1.6480938173930768
86	E322A E322C E322D E322G E322N E322P E322S E322T																																							3.3289239889961304	3.179046003428786																																																													2	2.835989997474972
87	S323G																																							2.2642772453153834																																																														1	1.6321386226576917
88	T324A T324C T324G T324S	-2.261160644718658	-2.334430179303761		-2.0115592443777954																																			2.509540903179162																																																														4	-0.019521833044210447
89	F329A F329C F329D F329E F329G F329H F329I F329K F329L F329M F329N F329P F329Q F329R F329S F329T F329V																																										4.006835187731926	3.641475721374937						3.3844766830084843																																																				3	3.5081968980288365
90	P330A P330G P330S																																											2.4736260355036483																																																										1	1.7368130177518242
91	P331A P331G P331S	-2.401162294455562	-2.053407333526056		-2.153811337094816						-2.1078858711776864	-2.202487373419716	-2.0706891464623545								-2.0681423823974603						-2.030223340888828																																																					-2.017548133555108	-2.194744495573515									-2.1026067321334296	-2.1829543825361437	-2.2029542830247317	-2.272161476966182	-2.121108538717224	-2.2800212189062226	-2.1865546033565115	-2.072236432671502		-2.4674340088896347	-2.3126701878180174	-2.494163140894335	21	-1.1361348506575017
92	P332A P332G P332S																																											2.973658452196461	3.23839224092414																																																									2	2.7373502310402
93	F333A F333C F333D F333E F333G F333H F333I F333K F333L F333M F333N F333P F333Q F333R F333S F333T F333V																																													3.296140574792009																																																								1	2.1480702873960045
94	I334A I334C I334D I334E I334G I334H I334N I334P I334Q I334S I334T I334V	-2.064889451348401																																															-2.022397091292002																																-2.031678676515724												-2.005480450005757						-2.1698404663857103	-2.0277193525653177	-2.243770690990861	7	-0.9457220223879714
95	E335A E335C E335D E335G E335N E335P E335S E335T																																											2.8934861278314234		3.0780122985946643																																																								2	2.6571661421420294
96	N337A N337C N337G N337S		-2.298282473997176	-2.2843837883044413																						-2.2153185980288304	-2.8961334054799983	-2.463928011951721	-2.058538189719332	-2.049052319886997														2.211682592425148																																	-2.1435327831590545	-2.212997957887453	-2.2574595846473846	-2.2486297132259394	-2.318786921361863	-2.1696560213437435	-2.2226156062608995								-2.20021952301101	-2.107230191919998	-2.2437263094436	-2.105561034019123	-2.3782568172921223	-2.644375833842503			-2.3521018140979866	-2.3039827898404823	-2.5299339898890607	24	-1.0597208434474226
97	H338A H338C H338D H338E H338G H338N H338P H338Q H338S H338T H338V																				-2.092706979550735																							2.2153100628529585					-2.017926727151514	-2.1362057284562246																																														-2.0843236611815046			-2.023358283563834		-2.068067232853116	7	-0.40090981873799625
98	S339G																																										2.229846053321513			2.3072540076771246																																																								2	2.1790333536662128
99	S340G																																										2.784551211038691		2.9328971075029617	2.907519921624101									-2.18599352715187																																				-2.1285679064253404											5	1.551734467764757
100	R341A R341C R341D R341E R341G R341H R341I R341L R341M R341N R341P R341Q R341S R341T R341V																																										3.1182208141493644		3.3073278398564123	3.308471155590155									-2.0511718894517936																																						-2.0017874578644226									5	1.7801767437132858
101	W342A W342C W342D W342E W342F W342G W342H W342I W342K W342L W342M W342N W342P W342Q W342R W342S W342T W342V W342Y	-2.095900599939404	-2.1143339766613485																																										2.9736362790712776																																																									3	0.4408504256176312
102	L343A L343C L343D L343E L343G L343H L343N L343P L343Q L343S L343T L343V																																												2.828908226198513	2.6980338415569074																																																								2	2.508980689251807
103	Y344A Y344C Y344D Y344E Y344G Y344H Y344I Y344K Y344L Y344M Y344N Y344P Y344Q Y344R Y344S Y344T Y344V																																										3.046673737263924																																																											1	2.023336868631962
104	P353A P353G P353S				-2.0038126505824314																-2.0279665781120606																					2.691317366409776																																																									-2.000247372528834		-2.042682697484468	5	-0.06389865538300299
105	W354A W354C W354D W354E W354F W354G W354H W354I W354K W354L W354M W354N W354P W354Q W354R W354S W354T W354V W354Y																																																																																															-2.022388747580125					-2.025467883091605	2	-0.6826188768905768
106	E358A E358C E358D E358G E358N E358P E358S E358T	-2.083266390911909																																											2.1949190684011786																																																									2	0.7038842258297565
107	R364A R364C R364D R364E R364G R364H R364I R364L R364M R364N R364P R364Q R364S R364T R364V																																										3.021737602828272	2.920967023237831																																																										2	2.647568208688701
108	I365A I365C I365D I365E I365G I365H I365N I365P I365Q I365S I365T I365V																																											4.209552938054998																																																										1	2.604776469027499
109	F368A F368C F368D F368E F368G F368H F368I F368K F368L F368M F368N F368P F368Q F368R F368S F368T F368V																										-2.3296760996606345	-2.1633911384169897																	2.709900234768458	2.6735419263285705																																																							-2.09700808966452	5	0.6322278055591474
110	Y369A Y369C Y369D Y369E Y369G Y369H Y369I Y369K Y369L Y369M Y369N Y369P Y369Q Y369R Y369S Y369T Y369V																																												3.2135813559370026	2.9707914611304056																																																								2	2.728124272355803
111	L371A L371C L371D L371E L371G L371H L371N L371P L371Q L371S L371T L371V					-2.0950729036299367	-2.1326764748011056																				-2.444212377574309	-2.184225840405024																			2.429516114721818	2.321811756896733	-2.0696436947772496																													-2.0796856794969814	-2.075257191632834	-2.0805925372594207	-2.082112899394005	-2.0495955659655625	-2.0218048583253085									-2.0033170188961864	-2.089633803051054	-2.043690055479545	-2.2917334374679887	-2.2333741193272814			-2.2570644573470577	-2.0482238403749085	-2.3345880366080958	21	-0.6756898600088774
112	P373A P373G P373S	-2.0754365324088955			-2.265008254960405	-2.383333086941229	-2.3197826803822466																				-2.1639045133803143	-2.1001746422628846	-2.068676206143679										2.415104499092533				-2.03850316512842					2.1801723385969987	-2.033987113536144																						2.2851152436447766								-2.1152934437474946	-2.043247615913561	-2.085551120963184															-2.0240313163247845						16	-0.2845022123975842
113	Y374A Y374C Y374D Y374E Y374G Y374H Y374I Y374K Y374L Y374M Y374N Y374P Y374Q Y374R Y374S Y374T Y374V	-2.1457857770658464	-2.060517965440491		-2.339263440293649	-2.394738084997468	-2.2348501793004774																																																		2.3410597378981044															2.7034050275658617	3.244101508041964																													8	0.5681567584897775
114	P375A P375G P375S																																																						2.861648003851817	3.4472172247927118	2.714049349138055																3.777856618962588	3.593894684426475																												5	3.565777646861941
115	N383A N383C N383G N383S																																													2.937347802073218																																																								1	1.968673901036609
116	M384A M384C M384D M384E M384G M384H M384N M384P M384Q M384S M384T M384V																																																	2.210963846240247								2.1557743654914483					3.051282444358689																																							3	2.604505164022596
117	F386A F386C F386D F386E F386G F386H F386I F386K F386L F386M F386N F386P F386Q F386R F386S F386T F386V																																																2.600845598700339	2.9954303620695923																																																				2	2.5320919869233105
118	C387A C387G C387S	-2.048152043151485																																																2.373010099038368									2.4222989031462845	2.6387451477448893																																										4	1.8771804213556114
119	R389A R389C R389D R389E R389G R389H R389I R389L R389M R389N R389P R389Q R389S R389T R389V																				-2.29917028901772																																																																						-2.1329607182152213	-2.09945222939744	-2.1046816283986165		-2.0138962709524333	-2.037702903058384			-2.217728101733282		-2.2156478402877458	8	-1.0134711090067607
120	E390A E390C E390D E390G E390N E390P E390S E390T																				-2.0693160943529083																																					2.0204703945184623																																	-2.2364424086326484	-2.122552882190904	-2.129194494583738		-2.04685494012507	-2.236501647442835			-2.033272739804492		-2.175748489931423	9	-0.6029413302545557
121	W393A W393C W393D W393E W393F W393G W393H W393I W393K W393L W393M W393N W393P W393Q W393R W393S W393T W393V W393Y	-2.0172223545097125																									-2.1229044020444405	-2.000686204006528																																																														-2.070959613796555		-2.00840481694541	-2.215738360986542						-2.5481383267778277	-2.603541514593513	-2.5897409742098416	9	-1.1177336567870373
122	L394A L394C L394D L394E L394G L394H L394N L394P L394Q L394S L394T L394V																																																	2.2009159195238976																																																				1	1.6004579597619488
123	L395A L395C L395D L395E L395G L395H L395N L395P L395Q L395S L395T L395V																																																2.648334975028973	3.0515322345610043																																																				2	2.566622403196659
124	N397A N397C N397G N397S								2.22892029442426																																																																																													1	1.61446014721213
125	S398G								2.0627510131813205																																																		2.0492967578275167																																											2	2.037349257002946
126	T399A T399C T399G T399S	-2.0116733450097906								2.451724753071965																	-2.079267640544506																								2.292966244921922																																												-2.1000200254214114	-2.294477148498719					-2.170688501538605	7	0.13607054212260672
127	D400A D400G D400S								2.69799285083223	3.820025652477245																																																																																												2	2.8393395011031584
128	P401A P401G P401S	-2.487666174536796	-2.255776844308061	-2.103683648483588	-2.3223768043589668	-2.2683854841811053													-2.149574813186111	-2.032802035763579	-2.3113060270487016	-2.059075507318341	-2.0289921400377																																																								-2.074509842591321	-2.020156475323992											-2.108506553988754	-2.125571757831896	-2.124608175557559						-2.1541738828407984		-2.3420084657670888	17	-1.109398590729131
129	A402G																																													3.044891426594808					2.404363131926661																																																			2	2.4830848528404896
130	Q404A Q404C Q404D Q404E Q404G Q404N Q404P Q404S Q404T																																										4.429822192352938			4.470846091012289						4.596451688442097																																																		3	4.124279992951831
131	Q406A Q406C Q406D Q406E Q406G Q406N Q406P Q406S Q406T									2.99982265125163		2.6505660607578734																																																																																										2	2.5501295706698346
132	W407A W407C W407D W407E W407F W407G W407H W407I W407K W407L W407M W407N W407P W407Q W407R W407S W407T W407V W407Y										2.9235874196709166																																										3.303718264618433																																																	2	2.74243522809645
133	E411A E411C E411D E411G E411N E411P E411S E411T																																																					2.188079820134375																																																1	1.5940399100671876
134	D417A D417G D417S																																																			3.1603626233963493					2.6813572554590213																																													2	2.6139066262851234
135	R418A R418C R418D R418E R418G R418H R418I R418L R418M R418N R418P R418Q R418S R418T R418V																																														3.5650959130553046	3.385601664056788									2.8254469604783328																																													3	3.1940361343976065
136	P429A P429G P429S	-2.105043049256795																																																																																																				1	-0.5525215246283974
137	P430A P430G P430S																																																														2.271696809258906																																							1	1.635848404629453
138	H432A H432C H432D H432E H432G H432N H432P H432Q H432S H432T H432V																										-2.3865353206887487	-2.2138327063577896		-2.0479526703923074																														2.120822824034782																-2.1700636613231006	-2.362899144685736	-2.387915179253893	-2.483715068097292	-2.453212541259953	-2.217276096825123	-2.2159119282679165	-2.359040473175247	-2.132066683043714														2.1834655377004566				14	-0.6084088741090388
139	L434A L434C L434D L434E L434G L434H L434N L434P L434Q L434S L434T L434V								3.328927568914566																																									3.95877764954168																																																				2	3.095901739485415
140	K435A K435C K435D K435E K435G K435H K435M K435N K435P K435Q K435S K435T K435V								2.1507648425121726																																																	2.302948317830812																																												2	2.1512377201143282
141	S436G									3.030371764215213																																																			2.5414719292025723																																					2.37596918229977				3	2.7369532189293886
142	W437A W437C W437D W437E W437F W437G W437H W437I W437K W437L W437M W437N W437P W437Q W437R W437S W437T W437V W437Y							2.017222355677857	2.8558502889489885	3.643762938917337																																							2.884355093112794									3.273994933366057			3.3951557566380783																																									6	3.4386201952373017
143	W439A W439C W439D W439E W439F W439G W439H W439I W439K W439L W439M W439N W439P W439Q W439R W439S W439T W439V W439Y								2.1261202052812385	2.4572532388574384																																																2.231784451744496																																												3	2.453789473970793
144	Y441A Y441C Y441D Y441E Y441G Y441H Y441I Y441K Y441L Y441M Y441N Y441P Y441Q Y441R Y441S Y441T Y441V									2.863346474281776																																									3.0974191986122888								2.4429040717346377																																											3	2.8509174361571756
145	Y442A Y442C Y442D Y442E Y442G Y442H Y442I Y442K Y442L Y442M Y442N Y442P Y442Q Y442R Y442S Y442T Y442V																																																										2.9196730729198546																																						2.802002577214389					2	2.573891883378081
146	R443A R443C R443D R443E R443G R443H R443I R443L R443M R443N R443P R443Q R443S R443T R443V																																																																4.117475823415462																																					1	2.558737911707731
147	R447A R447C R447D R447E R447G R447H R447I R447L R447M R447N R447P R447Q R447S R447T R447V													3.2766172752527614																																																		2.7398002267740136																																						2	2.6721391673422583
148	Y448A Y448C Y448D Y448E Y448G Y448H Y448I Y448K Y448L Y448M Y448N Y448P Y448Q Y448R Y448S Y448T Y448V													2.867968776181633	3.3596418765075766																																						3.2805361242469595				2.791670937152541																																													4	3.2599635428177423
149	E449A E449C E449D E449G E449N E449P E449S E449T	-2.3996454349797958	-2.321289484356066	-2.1026567130393734	-2.180647427062138	-2.0419533866476205																																																																																													-2.115290114251433		-2.043957051636189	7	-1.025679951496577
150	N450A N450C N450G N450S												2.2168760796728986				2.8087505939386337	3.731539513030878																																						3.1519584909728557																																														4	3.181824935523053
151	F457A F457C F457D F457E F457G F457H F457I F457K F457L F457M F457N F457P F457Q F457R F457S F457T F457V																																																									3.298383256870978																																												1	2.149191628435489
152	V462A V462C V462D V462G V462N V462P V462S V462T																																																														3.3332202548357133					2.3598599517774157	2.0530273929422336	2.3079052177251578																																4	2.8108025634561042
153	F465A F465C F465D F465E F465G F465H F465I F465K F465L F465M F465N F465P F465Q F465R F465S F465T F465V				-2.028083238167912	-2.2371504392821158	-2.1244176854380847														-2.1087441344613587																						-2.0406036313444544							-2.1198911313536843																																																				6	-0.9512700371496585
154	F468A F468C F468D F468E F468G F468H F468I F468K F468L F468M F468N F468P F468Q F468R F468S F468T F468V																																																												2.137185519400124																												2.0133865736921317													2	2.0501906976974187
155	E471A E471C E471D E471G E471N E471P E471S E471T																																																																	3.180675785442314	3.186279983947407																																			2	2.7889852564632402
156	E472A E472C E472D E472G E472N E472P E472S E472T	-2.405658014932843	-2.2794421208898044		-2.1369352645566586																-2.148171690921417						-2.373786068666157	-2.130898370659561																																																			-2.03283003962518		-2.0898874434678696									-2.022857034421408	-2.2232494621701897	-2.156256149878946	-2.292024028781177		-2.2269910331275766	-2.4737304286953776			-2.223660032507012	-2.152406519585201	-2.443316583983026	17	-1.1562277937149672
157	S475G																																																															2.3819878783331494	2.9096374992700014																								2.4575848498926622													3	2.687302556873953
158	R476A R476C R476D R476E R476G R476H R476I R476L R476M R476N R476P R476Q R476S R476T R476V																																																															3.0843497608755355																									3.1494628792294668	2.692896807164641												3	2.981677361817411
159	L478A L478C L478D L478E L478G L478H L478N L478P L478Q L478S L478T L478V													4.171833407950103	4.6693446012662685	4.382421197606866	4.213832450769499																																													4.03426220018758				3.541217512797871																							3.9011926749041264	3.41917556791634												8	4.48147551259985
160	T488A T488C T488G T488S																														2.574516504778357																																3.083563247073932																																							2	2.5526932506174296
161	N494A N494C N494G N494S																																																																													2.1428868671457497																								1	1.5714434335728749
162	N505A N505C N505G N505S	-2.486456422837936	-2.3114398839364374		-2.125802010826386								-2.2899746535238825	-2.088040883347244																									2.135843779332316									2.4644414342239576																	-2.038354027372456	-2.189064903203201								2.920516659809263															-2.189485886866605	-2.331933839106369	-2.427221886720089	-2.451527580596008	-2.538860630373837		-2.032186642482877	-2.3064832282148737	-2.18256628066006		-2.6168913515967254	-2.510352059216581	-2.692779557677821	21	-0.6040281752360841
163	Y506A Y506C Y506D Y506E Y506G Y506H Y506I Y506K Y506L Y506M Y506N Y506P Y506Q Y506R Y506S Y506T Y506V																						5.92553055940523																									6.435248650159639																																																					-2.018769874947325	3	3.335502333654386
164	S507G																					3.21064029610473																									3.3159458910873982	3.2079610310984816								3.462374655804316	2.7730920718515235																																													5	3.495002324324408
165	S509G	-2.0283250421514105															2.912981331485315	3.838209187669397	3.2640855624149743	3.2825666293293247	3.719324643459486	3.490489388363423	3.009923432486214																								3.469039253270328	3.270694223913059								3.541234022949132																																					-2.2535542265648747		-2.148457156711611	-2.307001429712794			-2.047415820412827		-2.2297380544346823	16	2.163767996785438
166	S510G															2.5769367083129118			2.631323828077217		2.797152370825744		2.39919984100805																									2.7619150706829974								3.008579641577533						2.2617164967379733									2.835528954805046		3.14015503286531																													9	3.341250794489279
167	V512A V512C V512D V512G V512N V512P V512S V512T																	2.175917465137907																																																																																				1	1.5879587325689535
168	L514A L514C L514D L514E L514G L514H L514N L514P L514Q L514S L514T L514V																2.1414079397407524		2.0783220130471523																																																																				2.258989568913792															3	2.369679880425424
169	D515A D515G D515S	-2.193491608342397																					2.3758217971104245				-2.170538231474895	-2.1465835075754307																																																											2.5774964557379136	2.3898109261951186														6	0.9760736902358192
170	H516A H516C H516D H516E H516G H516N H516P H516Q H516S H516T H516V	-2.129847806253157	-2.1799695863964144																																																																																					2.3269625305683608														3	0.25428628447969737
171	E517A E517C E517D E517G E517N E517P E517S E517T																																																																										4.004304686456898										3.6500434158285504																	2	3.2181160340951496
172	N522A N522C N522G N522S																																																																														2.759184610946869															2.040719804777036								2	2.2666348052413015
173	T524A T524C T524G T524S																												2.4454468572444177	2.263882258886849																																																		3.566643569322662		3.684513012358358																				4	3.192097139562457
174	Q525A Q525C Q525D Q525E Q525G Q525N Q525P Q525S Q525T	-2.063081078830701	-2.0016466942565847		-2.0906157508490173																																																																											2.281484614036371	2.5542263403398984																					5	0.6133945717399943
175	N527A N527C N527G N527S					-2.0439464512096097																																																																											3.1233631265057427		2.038960314937666	2.4363300976141766																		4	1.9109414175695953
176	I528A I528C I528D I528E I528G I528H I528N I528P I528Q I528S I528T I528V																												2.2743823971250365																																															3.073247666916147							3.0054344172149023																			3	2.8382661203140214
177	P529A P529G P529S	-2.2530345204738547	-2.112605859996348	-2.0044783419648864	-2.271475627551085	-2.1938640256606723	-2.04520290138709				-2.022416149066093	-2.121280014698605	-2.097414002783355	-2.0092844722321237							-2.1896515541702217						-2.113342121519973																						-2.075320167561234	-2.0999829846251603	-2.038782672714888				-2.033760282840637											-2.0205923912102954																							-2.0112536255603906	-2.028630551862376	-2.1407206928718496	-2.233083240699581	-2.400488392843573		-2.401841562100401	-2.4918866242758	-2.0941878440267887		-2.500799990708769	-2.3298069825040657	-2.4756192209542296	28	-1.1314071316849776
178	A531G																													2.424472521426285																																															3.0684193514436715							3.426642217074221																		3	2.9798835224860443
179	I532A I532C I532D I532E I532G I532H I532N I532P I532Q I532S I532T I532V	-2.5339939391568023	-2.401740465032034	-2.2766152286653853	-2.3703039966285395	-2.2082618138932246	-2.088813191048998																				-2.043652368490029	-2.131996921335594																											-2.017793334875474																								2.0206515578947224	2.260970507708142											-2.0281246289326904		-2.104505248078421		-2.3111536518938225	-2.461333952352676			-2.2662304356483536	-2.1915002123793696	-2.293656921242609	18	-0.7077923286342717
180	P533A P533G P533S																													2.049027724480363		3.1559947538141606	3.649453144097716	4.313142197535647	4.201052119151729																																									2.682018472497056	2.590107652252552	2.69610484803662	2.9533732044596666	3.164601902433964	3.729590403837012																					11	3.8487055352163737
181	H534A H534C H534D H534E H534G H534N H534P H534Q H534S H534T H534V	-2.0896918998490133			-2.0271754712866468	-2.054215881600453																												2.649089216917791	2.515483373393117																																											2.0998587113532112				2.562184367139338																				7	1.331941552008418
182	W535A W535C W535D W535E W535F W535G W535H W535I W535K W535L W535M W535N W535P W535Q W535R W535S W535T W535V W535Y																																	4.771730936124402		5.713106501728999	5.135324922015547																																							3.372891105698812		3.465694569556228					3.571371945697429																			6	4.5757314258316315
183	Q536A Q536C Q536D Q536E Q536G Q536N Q536P Q536S Q536T																																		4.903425803873317		5.62147593986309																																																																	2	4.174967247912136
184	L538A L538C L538D L538E L538G L538H L538N L538P L538Q L538S L538T L538V	-2.113266161699579																																																																																														-2.1402517953187745			-2.3651892442979565	-2.079193408545794	-2.296199937646219	5	-0.9990167579180541
185	Y539A Y539C Y539D Y539E Y539G Y539H Y539I Y539K Y539L Y539M Y539N Y539P Y539Q Y539R Y539S Y539T Y539V	-2.1011864393824866			-2.087792359732638						-2.124433855428301	-2.39244094771789	-2.400137346452055	-2.4527571546112643	-2.1257028742489283	-2.309248420659423	-2.0566654716984694		-2.261513458122405	-2.117358357451582	-2.506175893772224	-2.270023491039803	-2.0962052501526927																						-2.0816025420874986		-2.0651944100870465				-2.140459799140717			-2.3465481211807737	-2.314970301712069							-2.025008870452582		-2.080290190515364	-2.0069918309646746	-2.273437982524966					-2.1140945140403287		-2.0775909813777047												3.704574319643148				-2.106307235473263	-2.1707598056972075	-2.188487727448705		-2.277089031518177			-2.362826165720967	-2.0846074492610205	-2.036273157532693	-2.564935000196881	-2.398705112948025	-2.53780667984176	36	-1.0230014570418766
186	E543A E543C E543D E543G E543N E543P E543S E543T																																																																																						4.483502920814367	4.18852709960981														2	3.5573433401413923
187	T544A T544C T544G T544S	-2.1313035942579863			-2.280409639892002	-2.3269388398930344	-2.036366587759572																																				-2.1478184111110536			-2.000679121530246			-2.144677507751727	-2.2785951184014563																																																				8	-1.038532091177453
188	Y545A Y545C Y545D Y545E Y545G Y545H Y545I Y545K Y545L Y545M Y545N Y545P Y545Q Y545R Y545S Y545T Y545V	-2.590507910885015	-2.1812214580365588		-2.300427026505644	-2.2067846351326774	-2.005945525547066																				-2.247658650938574	-2.1152513459692828																																																				-2.113133901342863	-2.098335148954798	-2.1089996845307413					2.629348408189179	2.283885047414379														12	-0.3888486024799741
189	L547A L547C L547D L547E L547G L547H L547N L547P L547Q L547S L547T L547V																																																																										2.1641660757477665																											1	1.5820830378738833
190	P548A P548G P548S	-2.2661172336046245	-2.2542054950741783	-2.0329238531724365	-2.1753665522439283	-2.0216082964778823						-2.032294697320838	-2.065855806819686	-2.123781554210433					2.3344796080167463		-2.199528287627384						-2.07616753682124	-2.1295714842475806																						-2.020144557439103																									2.099445043664665				-2.0317919530044994	-2.1244452783978995			-2.043782644022724									-2.0440833301636894	-2.156275169868323		-2.35949502393778	-2.5435213151711493			-2.2579556487770582	-2.0203146295683534	-2.310516258958088	24	-0.7542328782098986
191	N549A N549C N549G N549S																3.059853301633942		3.553814336937648	3.4470758269080526																																																																		3.5314316706210724			2.585311491498542													5	3.529581104599876
192	T550A T550C T550G T550S																3.247540967618715																																																																					3.5487475153661454			2.842271450061268	2.6050555526941515	2.5901493389763237											5	3.3056274707861006
193	L551A L551C L551D L551E L551G L551H L551N L551P L551Q L551S L551T L551V	-2.423942735328862	-2.122798227343444		-2.2923483469073958											2.180151101706136		2.6542602857440256	2.230196189000941																																																								2.220491876976042												2.2165300557525898															8	1.4069489110666702
194	P552A P552G P552S															2.073596776261628	2.058466628838863																																																		2.043047243017243																																			3	2.2937776620294335
195	T553A T553C T553G T553S															2.132933648836979																																																																							2.341535328382093	2.201698301599412														3	2.419041819704621
196	W555A W555C W555D W555E W555F W555G W555H W555I W555K W555L W555M W555N W555P W555Q W555R W555S W555T W555V W555Y																																																																																				2.5917843858927405		3.04873610537684															2	2.5468401637565266
197	H556A H556C H556D H556E H556G H556N H556P H556Q H556S H556T H556V																																																																		2.330077566096088																																			1	1.665038783048044
198	Y560A Y560C Y560D Y560E Y560G Y560H Y560I Y560K Y560L Y560M Y560N Y560P Y560Q Y560R Y560S Y560T Y560V																																																																																								3.971771681888221													1	2.4858858409441105
199	R563A R563C R563D R563E R563G R563H R563I R563L R563M R563N R563P R563Q R563S R563T R563V																																																																																										3.3514703178926912											1	2.1757351589463454
200	D565A D565G D565S	-2.117600666576964																																																																																																				1	-0.5588003332884821
201	M566A M566C M566D M566E M566G M566H M566N M566P M566Q M566S M566T M566V																																																																																											2.5941645387124463										1	1.7970822693562232
202	Q567A Q567C Q567D Q567E Q567G Q567N Q567P Q567S Q567T																																																																																											2.619083531682569										1	1.8095417658412845
203	L568A L568C L568D L568E L568G L568H L568N L568P L568Q L568S L568T L568V																																																																																					2.1707953998420457																1	1.5853976999210229
204	H580A H580C H580D H580E H580G H580N H580P H580Q H580S H580T H580V	-2.5012449553791387	-2.024586159145868		-2.5130871664818235																																																																																																	3	-1.0097295702517075
205	P581A P581G P581S																																																																					2.2251542470428687																																1	1.6125771235214343
206	P582A P582G P582S																										-2.771758072494354	-2.221483305424903																																									3.638413411159476	4.1873812580800855																													-2.0829764413012084	-2.2466021651643	-2.422051330123796	7	0.3851154193413751
207	S583G	-2.1831654641034794	-2.278277218166627	-2.318866499049934	-2.089786547837046						-2.030327474189566	-2.028061356520382		-2.0963347794255425					-2.061579740800405		-2.3058118276428248	-2.081369733239038					-2.326555569895942	-2.217135812480333																						-2.001172523106693					-2.005957824868901										-2.0459903858030453	-2.2787707428363926															-2.0887600197118807								-2.1204116084774447	-2.10143036522458	-2.23706410957042	-2.03891030672425	-2.1758273460371464				-2.0348373001745395		-2.6253255885014504	-2.464963395359097	-2.71597371294489	26	-1.1463950834330314
208	E584A E584C E584D E584G E584N E584P E584S E584T	-2.190724045410217			-2.331242554037175	-2.106069583486461				-2.101245220296972	-2.2409548037969267	-2.5369768231992738	-2.4638745556110573	-2.3360384471259343	-2.174174428393405	-2.1700513575259976			-2.207694262235775	-2.136231385428862	-2.664553389331365	-2.3433716844191754	-2.3427222732159554				-2.0139702667524806																								-2.309878239327225	-2.0316612705934225	-2.051047392603985	-2.3954700965851385	-2.6957826311335364						-2.0346903261582114	-2.1488934848933425																													-2.009239461930089								-2.1634448604766883		-2.023905099051048	26	-1.1934780719636935
209	P585A P585G P585S										-2.1603905158423764	-2.314848387336004	-2.307367839111488	-2.0846252537675976							-2.214130540420068	-2.1323037453743474				-2.0381813628151093	-2.6400821496118136	-2.394692484246614																	-2.053607709897006									-2.1438044338909874	-2.0909462067643925			-2.0130620763797253																																			-2.0417224019750035						-2.144185968601221	-2.24408563733597	-2.370861705187816	17	-1.132716578808752
210	C586A C586G C586S																																																																																														2.01501445889765	3.2068309794393786						2	2.4072818127790097
211	T588A T588C T588G T588S																																																																																												2.1493381642127263									1	1.5746690821063631
212	R602A R602C R602D R602E R602G R602H R602I R602L R602M R602N R602P R602Q R602S R602T R602V	-2.0297275702365414																																																								2.3841705124659964	2.240595927316079		2.6201489389093675																																									4	1.8430375616909802
213	D604A D604G D604S	-2.0557632622207307			-2.0286104854925613																-2.1225190689167936																																																																																	3	-0.8017232041575215
214	S605G																																																										2.8059155512056595																																									2.5352898354669287		2	2.447068462224196
215	P606A P606G P606S																																																																																																2.149366191780435					1	1.5746830958902176
216	L608A L608C L608D L608E L608G L608H L608N L608P L608Q L608S L608T L608V																																																															2.86929788093527		2.8507644199956155																																2.921270838700805				3	2.9103332849079226
217	C609A C609G C609S																																																																	2.741922347324517																																2.851543128269287				2	2.531155158531268
218	H611A H611C H611D H611E H611G H611N H611P H611Q H611S H611T H611V																				-2.124032274867281						-2.085693293233897	-2.116013774758082																																						2.15327891503185											-2.1854162005403843	-2.1675165622799875	-2.157915615228711	-2.189192432887768	-2.048754536954144	-2.042373055852755	-2.155479969738165																			11	-0.6765924001091103
219	L612A L612C L612D L612E L612G L612H L612N L612P L612Q L612S L612T L612V																																																																																																		2.382899183041472			1	1.691449591520736
220	M613A M613C M613D M613E M613G M613H M613N M613P M613Q M613S M613T M613V	-2.920458880444841	-2.8981408924469454	-2.8146536563804943	-3.298734081415171	-3.0273361739750166	-2.7708688015279628	-2.663613078601617	-2.5572299846466886	-2.622374377065137	-2.813931995302276	-3.060500113628976	-3.295378575335293	-3.128587179244407	-2.892101826598134	-2.985948212325431	-2.6973036800278405	-2.570463976449377	-2.96682456985279	-2.906794409632217	-3.541286242868041	-3.047096498336713	-2.935734900547009	-2.326159691308063	-2.5122089759151325	-2.959751944251107	-3.5707058463573715	-3.540043794778776	-2.942456495138848	-2.901489240855321	-2.4483884723548464	-2.5193923822783586	-2.518763330041584	-2.4585315929313176	-2.42959512342719	-2.2747343622047005	-2.521664729276182	-2.3722427148016987	-2.427592051382407	-2.3036610406487443	-2.369598896038452	-2.473159264273581	-2.7069955071020195	-2.552629023196696	-2.4954020842168703	-2.6223552752688497	-2.591084453034831	-2.4328077370526966	-3.167406008907021	-3.3656376741075675	-2.78202611211286	-2.575619361488945	-2.697130119608497	-3.2140595059075827	-3.4045200828636184	-2.64853811022889	-2.675294423262864	-2.828588303199759	-2.660439215130744	-2.380084816580831	-2.517749699722752	-2.797719027141991	-2.3303274201790583	-2.3269192195988446	-2.3622767184543347		-2.121986873027798	-2.741116702833875	-2.90498224824849	-2.810197020415916	-2.7240262167275406	-2.78325323738302	-2.5800064253912223	-2.4918467517308502	-2.3524451844803744	-2.926272823028519	-3.128962301260272	-3.1184222683806446	-3.310218910656148	-3.447758693671068	-3.184886317545672	-3.1679852955890118	-3.189807620987461	-2.7602101237504164	-2.542290807884521	-2.4678780997146337	-2.5490963926741483	-2.627951404331009	-2.6419551344266883	-2.612004248834394	-2.874057568258305	-2.772315355175932	3.465505322927412	-3.353085534983403	-3.765865714072744	-3.950512417641356	-2.522229104694204	-2.413351704946768	4.287818969097083			97	-1.637803736367409
