	mutations	V114	A118	I136	M144	L153	S175	P181	K185	S192	P193	P194	A195	P199	D222	R240	P241	Y490	I491	G492	Y506	G508	P529	G530	R561	R563	H580	P582	S583	D604	P606	R610	H611	n_mutations	avg_dG
0	T99E T99F T99H T99I T99K T99L T99M T99Q T99R T99V T99W T99Y					-2.2777321315206955																												1	-0.6388660657603478
1	L103F L103R L103W L103Y					-2.201274185886425																												1	-0.6006370929432125
2	E108F E108H E108I E108K E108L E108M E108Q E108R E108W E108Y	-2.263152414027749																																1	-0.6315762070138744
3	V114F V114H V114I V114K V114L V114M V114R V114W V114Y					-2.155149764732005																												1	-0.5775748823660025
4	C122E C122F C122H C122I C122K C122L C122M C122N C122Q C122R C122T C122V C122W C122Y												2.006613005760535																					1	1.5033065028802675
5	I127F I127R I127W I127Y		-2.2985280367801595	-2.1037427739102568							2.2092342087343586	2.113146012965228	2.39520499703971																					5	1.2192190680081467
6	A128C A128D A128E A128F A128H A128I A128K A128L A128M A128N A128P A128Q A128R A128T A128V A128W A128Y										2.0220184414022757		2.2689431084711567																					2	2.096987183291144
7	P155E P155F P155H P155I P155K P155L P155M P155Q P155R P155V P155W P155Y															-2.239409053187898																		1	-0.6197045265939489
8	I172F I172R I172W I172Y						-2.463055969157196																											1	-0.731527984578598
9	V200F V200H V200I V200K V200L V200M V200R V200W V200Y												-2.1260719635850247																					1	-0.5630359817925124
10	L216F L216R L216W L216Y															-2.5005160687149184	-2.369254029124561																	2	-0.9565900326131599
11	E217F E217H E217I E217K E217L E217M E217Q E217R E217W E217Y															-2.6986870293996743	-2.467480187051371																	2	-1.0553890721503485
12	G218A G218C G218D G218E G218F G218H G218I G218K G218L G218M G218N G218P G218Q G218R G218S G218T G218V G218W G218Y															-3.3932066851069127																		1	-1.1966033425534564
13	T219E T219F T219H T219I T219K T219L T219M T219Q T219R T219V T219W T219Y															-2.988761701604578																		1	-0.9943808508022891
14	D220E D220F D220H D220I D220K D220L D220M D220Q D220R D220V D220W D220Y																-2.7184497600350834																	1	-0.8592248800175417
15	P221E P221F P221H P221I P221K P221L P221M P221Q P221R P221V P221W P221Y															-4.750302452372629																		1	-1.8751512261863144
16	D222E D222F D222H D222I D222K D222L D222M D222Q D222R D222V D222W D222Y																-3.447437399246042											-2.5140189082076367	-2.203470587488226					3	-1.2912317237354762
17	C223E C223F C223H C223I C223K C223L C223M C223N C223Q C223R C223T C223V C223W C223Y															-2.028255047363612																		1	-0.5141275236818059
18	L235F L235R L235W L235Y															-3.275847131444112	-2.5005634624957382																	2	-1.2588035313132835
19	A238C A238D A238E A238F A238H A238I A238K A238L A238M A238N A238P A238Q A238R A238T A238V A238W A238Y																-3.057203301521945																	1	-1.0286016507609725
20	A243C A243D A243E A243F A243H A243I A243K A243L A243M A243N A243P A243Q A243R A243T A243V A243W A243Y															-2.570609230423035																		1	-0.7853046152115175
21	E248F E248H E248I E248K E248L E248M E248Q E248R E248W E248Y															-3.34109692940333																		1	-1.170548464701665
22	Y249W														-2.145543204084248	-4.708207823342813	-3.1882361132332724											-2.4977654346466918						4	-1.707950515061405
23	S250C S250D S250E S250F S250H S250I S250K S250L S250M S250N S250P S250Q S250R S250T S250V S250W S250Y															-4.880291424890378	-3.6761161844514287										-2.0541091644022056	-3.0369863134736232	-2.7494694683509047					5	-1.8994954259280898
24	K251F K251W K251Y										2.05204082520742	2.091900540933203				-4.026473144702297	-3.11589258827132										-2.122500153766277	-2.8543837749451466	-2.527640625442651					7	-0.4378686151233835
25	C252E C252F C252H C252I C252K C252L C252M C252N C252Q C252R C252T C252V C252W C252Y															-2.604677754931114																		1	-0.8023388774655571
26	L256F L256R L256W L256Y																							-2.1612331045348423										1	-0.5806165522674211
27	R257F R257W R257Y																							-2.4722160533398063										1	-0.7361080266699032
28	E260F E260H E260I E260K E260L E260M E260Q E260R E260W E260Y																							-2.3427573350407536										1	-0.6713786675203768
29	S261C S261D S261E S261F S261H S261I S261K S261L S261M S261N S261P S261Q S261R S261T S261V S261W S261Y																							-2.23766120438913										1	-0.6188306021945651
30	H338F H338I H338K H338L H338M H338R H338W H338Y				-2.1003913045452336																													1	-0.5501956522726168
31	E390F E390H E390I E390K E390L E390M E390Q E390R E390W E390Y												2.451975006224463																					1	1.7259875031122316
32	N397E N397F N397H N397I N397K N397L N397M N397Q N397R N397V N397W N397Y						-2.0729150867814745																											1	-0.5364575433907373
33	H432F H432I H432K H432L H432M H432R H432W H432Y																													-2.3355566847348723	-2.3386546074175367		-2.0727257914414468	3	-0.9367342708984638
34	K435F K435W K435Y						-2.105770255291892																											1	-0.5528851276459461
35	G458A G458C G458D G458E G458F G458H G458I G458K G458L G458M G458N G458P G458Q G458R G458S G458T G458V G458W G458Y																											-2.1115663020871267	-2.0719173269441686					2	-0.7278278763437651
36	H459F H459I H459K H459L H459M H459R H459W H459Y																										-2.225694862900946	-3.1163663807998487	-3.080903861107243					3	-1.3557412762020093
37	T460E T460F T460H T460I T460K T460L T460M T460Q T460R T460V T460W T460Y																	-2.1541449617873063	-2.831264642349217	-2.541683675490974							-3.3944891901240064	-4.96039434795571	-5.155852118432173		-2.021875552513725		-2.323853350945976	8	-1.931506426622121
38	H461F H461I H461K H461L H461M H461R H461W H461Y																			-2.470918324876982							-3.123091831982674	-4.692440586820541	-4.704212691277102					4	-2.1981326869914595
39	V462F V462H V462I V462K V462L V462M V462R V462W V462Y																		-2.663078810238332	-2.4036739106904546							-3.4656141183777893	-5.649281125459359	-5.931314666263972				-2.1072142943448102	6	-2.3171681321963886
40	D463E D463F D463H D463I D463K D463L D463M D463Q D463R D463V D463W D463Y																										-2.168519800154089	-3.237917581595092	-3.28374432261527					3	-1.4225454260911126
41	E464F E464H E464I E464K E464L E464M E464Q E464R E464W E464Y																											-2.754311789564499	-2.912341007685539					2	-1.222217599083346
42	S475C S475D S475E S475F S475H S475I S475K S475L S475M S475N S475P S475Q S475R S475T S475V S475W S475Y																														-2.044500744487467		-2.505748079354294	2	-0.8500829412805869
43	R476F R476W R476Y																																-2.1437048813295805	1	-0.5718524406647902
44	P485E P485F P485H P485I P485K P485L P485M P485Q P485R P485V P485W P485Y																											-2.8366386752661463	-2.7354107764015883					2	-1.1906831505559115
45	S486C S486D S486E S486F S486H S486I S486K S486L S486M S486N S486P S486Q S486R S486T S486V S486W S486Y																											-2.5670759352664847	-2.536819625191158					2	-1.034631853485881
46	T488E T488F T488H T488I T488K T488L T488M T488Q T488R T488V T488W T488Y																												-2.0152600193733505					1	-0.5076300096866753
47	T489E T489F T489H T489I T489K T489L T489M T489Q T489R T489V T489W T489Y															-2.3258157886742308												-2.4995901744249904	-2.290160832166095					3	-1.028891698816329
48	Y490W															-3.021345636440825	-2.399907326339618										-2.881434605935201	-3.692049351156885	-3.494730374666143					5	-1.7482445490897787
49	I491F I491R I491W I491Y							2.0892442046078457	2.052706371129306	2.083717820061658	2.247720197157244	2.312515126843	2.147663165045516	2.177897759904542	-2.3016075260653794	-4.003910363557204	-2.9626747115622245				2.292899248704723	2.0583059460485207					-3.242115025193168	-4.790735045501797	-4.632120848115739					15	0.7830941449691777
50	G492A G492C G492D G492E G492F G492H G492I G492K G492L G492M G492N G492P G492Q G492R G492S G492T G492V G492W G492Y														-2.4921625777694665	-4.735496353346171	-3.368594925265289											-4.595772694110361	-4.129379768470408					5	-2.386901053160283
51	L493F L493R L493W L493Y															-3.3996152141066007	-2.364277948419476											-2.9328073929952514	-2.591031535239624					4	-1.4575464181521902
52	N494E N494F N494H N494I N494K N494L N494M N494Q N494R N494V N494W N494Y															-2.45270706978592																		1	-0.72635353489296
53	Q501F Q501H Q501I Q501K Q501L Q501M Q501R Q501W Q501Y												-2.05115291441182																					1	-0.5255764572059101
54	S507C S507D S507E S507F S507H S507I S507K S507L S507M S507N S507P S507Q S507R S507T S507V S507W S507Y												-2.2837760335479143																					1	-0.6418880167739571
55	G508A G508C G508D G508E G508F G508H G508I G508K G508L G508M G508N G508P G508Q G508R G508S G508T G508V G508W G508Y												-2.4809640057326248																					1	-0.7404820028663124
56	S509C S509D S509E S509F S509H S509I S509K S509L S509M S509N S509P S509Q S509R S509T S509V S509W S509Y												-2.4323318003012866																					1	-0.7161659001506433
57	S510C S510D S510E S510F S510H S510I S510K S510L S510M S510N S510P S510Q S510R S510T S510V S510W S510Y												-2.197893012192095																					1	-0.5989465060960475
58	L514F L514R L514W L514Y												-2.214763481738065																					1	-0.6073817408690325
59	D515E D515F D515H D515I D515K D515L D515M D515Q D515R D515V D515W D515Y												-2.4210424730581783																					1	-0.7105212365290892
60	H516F H516I H516K H516L H516M H516R H516W H516Y												-2.0464123865964403																					1	-0.5232061932982202
61	I520F I520R I520W I520Y																												-2.0065851551789677					1	-0.5032925775894839
62	N522E N522F N522H N522I N522K N522L N522M N522Q N522R N522V N522W N522Y																										-2.2003934157226688	-2.419674996409696	-2.681806430477113					3	-1.0754687106523695
63	T524E T524F T524H T524I T524K T524L T524M T524Q T524R T524V T524W T524Y																											-2.934408328568026	-3.169388679167123					2	-1.3679323359117166
64	Q525F Q525H Q525I Q525K Q525L Q525M Q525R Q525W Q525Y																											-2.319751035920377	-2.604938377248912					2	-0.9748964710564296
65	I532F I532R I532W I532Y																						-2.1114912115949043											1	-0.5557456057974521
66	Q536F Q536H Q536I Q536K Q536L Q536M Q536R Q536W Q536Y																												-2.1851279484249506					1	-0.5925639742124753
67	L537F L537R L537W L537Y																												-2.081042071883755					1	-0.5405210359418775
68	L538F L538R L538W L538Y																										-2.0651459908739795	-2.069632393967196	-2.327913909930517					3	-0.865673073692923
69	Y539W																												-2.2626807785131064					1	-0.6313403892565532
70	R540F R540W R540Y																												-2.0310996380721806					1	-0.5155498190360903
71	T544E T544F T544H T544I T544K T544L T544M T544Q T544R T544V T544W T544Y																												-2.263352410844126					1	-0.631676205422063
72	D565E D565F D565H D565I D565K D565L D565M D565Q D565R D565V D565W D565Y																											-2.044559873683525	-2.8212962332785554					2	-0.9552853689873603
73	M566F M566K M566R M566W M566Y																											-2.5837411934936187	-3.7486352957304505					2	-1.444125496408023
74	Q567F Q567H Q567I Q567K Q567L Q567M Q567R Q567W Q567Y																											-3.0458735890324165	-4.394182796999311					2	-1.8133521286772425
75	L568F L568R L568W L568Y																											-2.622794033265439	-3.548705764753444					2	-1.3904999326729612
76	F569W																											-2.647835176252358	-3.620178658123242					2	-1.4226712781251998
77	Q570F Q570H Q570I Q570K Q570L Q570M Q570R Q570W Q570Y																										-2.054706293377004	-3.167697300440675	-4.594258001817262					3	-1.704165398908735
78	T571E T571F T571H T571I T571K T571L T571M T571Q T571R T571V T571W T571Y																										-2.1757689162059366	-3.103850825193754	-4.312599104547814					3	-1.6480547114868758
79	F572W																											-2.638714867742152	-3.3052939501316363					2	-1.3146696059579295
80	F574W																											-3.0926902823706057	-4.102651412252224					2	-1.7317805648742766
81	L575F L575R L575W L575Y																										-2.0788448362510485	-2.6399045253358397	-3.1804121749627927					3	-1.2247903841374201
82	Y576W																										-2.5673733013955697	-4.168099398872089	-4.6715480255279385					3	-2.1017551814488993
83	H577F H577I H577K H577L H577M H577R H577W H577Y																		-2.145623496653657	-2.156768086002019									-5.784850657470676					3	-1.771810560031588
84	K578F K578W K578Y																											-2.323576158496564	-2.705165761215241					2	-1.009580639903935
85	G579A G579C G579D G579E G579F G579H G579I G579K G579L G579M G579N G579P G579Q G579R G579S G579T G579V G579W G579Y																											-3.181859007650295	-4.090807176582681					2	-1.7575553947443252
86	H580F H580I H580K H580L H580M H580R H580W H580Y															-3.548919406091963	-2.308970396565885												-3.1744928621682824					3	-1.5080956662065326
87	P581E P581F P581H P581I P581K P581L P581M P581Q P581R P581V P581W P581Y															-3.883868508567053	-2.7294261734952445																	2	-1.537764894020766
88	P582E P582F P582H P582I P582K P582L P582M P582Q P582R P582V P582W P582Y														-2.0699490013654924	-4.779361625049927	-3.124934014304832			-2.615849808882612														4	-1.7180188899205724
89	S583C S583D S583E S583F S583H S583I S583K S583L S583M S583N S583P S583Q S583R S583T S583V S583W S583Y														-2.052418219580206	-4.877656372777682	-3.1112526425377256			-2.0988672260287027							-3.02086195380881							5	-1.693509402455521
90	E584F E584H E584I E584K E584L E584M E584Q E584R E584W E584Y															-4.397631240096446	-2.993057795528382										-2.940562010163976							3	-1.832812761447201
91	P585E P585F P585H P585I P585K P585L P585M P585Q P585R P585V P585W P585Y																										-2.28340520408233							1	-0.6417026020411649
92	C586E C586F C586H C586I C586K C586L C586M C586N C586Q C586R C586T C586V C586W C586Y																											-2.0787996826936963	-2.2710687008998702					2	-0.7832894611978555
93	P589E P589F P589H P589I P589K P589L P589M P589Q P589R P589V P589W P589Y																											-2.3120552569304773	-3.383069656717153				-2.082425338511159	3	-1.1943875630396974
94	C590E C590F C590H C590I C590K C590L C590M C590N C590Q C590R C590T C590V C590W C590Y																									-2.387809027793712	-2.216323589365688	-4.097352830712881	-5.890806858517172			-2.2981769701345387	-2.518140367539237	6	-1.9155156634376043
95	R591F R591W R591Y																											-2.553522747145748	-3.5171835117842094					2	-1.3569020863099859
96	L592F L592R L592W L592Y																												-2.487576197207313				-2.137085090694275	2	-0.8748870959671962
97	A593C A593D A593E A593F A593H A593I A593K A593L A593M A593N A593P A593Q A593R A593T A593V A593W A593Y																								-2.196127605509101	-2.786062826847967	-2.051685432108728	-3.5631446151899544	-4.775285795330512		-2.4891126448335403	-2.719326155219283	-3.032486300846182	8	-1.734803486209474
98	T594E T594F T594H T594I T594K T594L T594M T594Q T594R T594V T594W T594Y																								-2.0292104585871167	-2.538961835250852	-2.3226301799372555	-4.023070341983707	-5.260002490300746		-2.210690936060699	-2.440417627999911	-2.5442736862795243	8	-1.7076952840444237
99	L595F L595R L595W L595Y																											-2.0396930783350133	-2.675154517317837					2	-0.9049491985509501
100	C596E C596F C596H C596I C596K C596L C596M C596N C596Q C596R C596T C596V C596W C596Y																									-2.092957373347579		-2.025028168094966	-2.6209736574227507			-2.0873538672629834	-2.0586422478402238	5	-0.980825885661417
101	A597C A597D A597E A597F A597H A597I A597K A597L A597M A597N A597P A597Q A597R A597T A597V A597W A597Y																									-2.356758504623474		-3.321648572103914	-4.068956913912015		-2.498357474314664	-2.2676483232080247	-2.378322268412211	6	-1.5559560080820434
102	Q598F Q598H Q598I Q598K Q598L Q598M Q598R Q598W Q598Y																												-2.456994167188539					1	-0.7284970835942695
103	S600C S600D S600E S600F S600H S600I S600K S600L S600M S600N S600P S600Q S600R S600T S600V S600W S600Y																												-2.1631072125966018					1	-0.5815536062983009
